Date,Open,High,Low,Close,Adj Close,Volume
13-11-2018,2649,2673.399902,2613,2665.5,2185.594727,305897
14-11-2018,2675,2714.899902,2652,2676.5,2194.614258,302299
15-11-2018,2681,2699,2661.100098,2668.850098,2188.342041,240745
16-11-2018,2680,2705.899902,2675.149902,2695.350098,2210.070557,317881
17-11-2018,2704,2708,2670,2679.649902,2197.197266,209883
18-11-2018,2679.649902,2679.649902,2655,2666.5,2186.415283,146989
19-11-2018,2673,2673,2591.100098,2604.649902,2135.700439,381149
20-11-2018,2600,2624,2580.800049,2590.350098,2123.975342,373650
21-11-2018,2606,2662.899902,2576,2649.5,2172.475586,376778
22-11-2018,2642,2643.949951,2570.899902,2599.649902,2131.600586,437591
23-11-2018,2612,2625,2584,2603.899902,2135.085449,285713
24-11-2018,2633,2737,2602.050049,2724,2233.562256,763933
25-11-2018,2721,2769.699951,2702,2745.699951,2251.355469,690175
26-11-2018,2760,2764.949951,2714,2736,2243.401855,386060
27-11-2018,2740.100098,2790,2726.25,2763.850098,2266.237549,395469
28-11-2018,2759,2774.5,2731.100098,2764.100098,2266.442627,178352
29-11-2018,2740,2799.399902,2705.850098,2718.100098,2228.724609,468440
30-11-2018,2722,2793,2716.300049,2786.199951,2284.563232,417465
01-12-2018,2713,2769.949951,2702.800049,2725.100098,2234.4646,274974
02-12-2018,2710,2760,2685,2739.600098,2246.354004,370479
12-12-2018,2742,2858,2738.649902,2848.399902,2335.564941,552031
13-12-2018,2860,2885.649902,2821.699951,2836.100098,2325.479492,466453
14-12-2018,2836,2837.350098,2785.199951,2823.149902,2314.86084,465457
17-12-2018,2833,2853,2826.100098,2840.949951,2329.456543,225455
18-12-2018,2840,2873.800049,2822.050049,2840.899902,2329.415283,443162
19-12-2018,2853.899902,2882,2845.050049,2863,2347.536377,393269
20-12-2018,2855,2900,2832,2887.199951,2367.379395,288162
21-12-2018,2897,2905,2801,2808.449951,2302.807617,386367
24-12-2018,2825.5,2832.699951,2715.850098,2724.649902,2234.095215,348337
26-12-2018,2713.699951,2749.800049,2670,2734.600098,2242.254395,410582
27-12-2018,2763.899902,2764,2696.600098,2737,2244.221924,558049
28-12-2018,2753.899902,2759.949951,2711.75,2717.5,2228.23291,358369
31-12-2018,2738,2763,2710,2720.149902,2230.405762,406069
01-01-2019,2735,2743.399902,2705,2726.649902,2235.735352,304150
02-01-2019,2720,2747.25,2677,2692,2207.32373,599274
03-01-2019,2690.100098,2723.850098,2682.100098,2701.350098,2214.990479,310511
04-01-2019,2714,2742,2702.100098,2734.199951,2241.925781,362393
07-01-2019,2739.899902,2740,2645,2658.550049,2179.896484,462215
08-01-2019,2667,2700,2635.5,2694.850098,2209.660889,486654
09-01-2019,2702.5,2710,2672.5,2696.899902,2211.341797,285560
10-01-2019,2700,2729,2680,2725.300049,2234.628174,277585
11-01-2019,2728,2738.699951,2700.850098,2720.949951,2231.061279,259834
14-01-2019,2718,2747.199951,2676.449951,2699.149902,2213.186279,170937
15-01-2019,2705,2734.800049,2705,2725.850098,2235.079346,169721
16-01-2019,2736,2736,2706,2717.449951,2228.191406,218357
17-01-2019,2722,2739.800049,2700.800049,2729.649902,2238.195068,230784
18-01-2019,2741,2746.5,2696.649902,2720.75,2230.897705,269686
21-01-2019,2724.75,2724.75,2670,2684.600098,2201.256348,303893
22-01-2019,2685,2695,2650.100098,2688.350098,2204.331055,273441
23-01-2019,2699,2699,2665.100098,2674.100098,2192.646484,205104
24-01-2019,2684,2684,2635,2651.649902,2174.238281,183566
25-01-2019,2622.300049,2672,2614.050049,2626.350098,2153.493652,304062
28-01-2019,2629.949951,2634,2545,2565.550049,2103.640137,332409
29-01-2019,2563,2597.149902,2522.449951,2567.649902,2105.362061,424856
30-01-2019,2571,2653.350098,2485,2499.699951,2049.64624,2450943
31-01-2019,2501.149902,2570,2461.100098,2554.550049,2094.620605,1102133
01-02-2019,2560,2670,2543,2602.75,2134.142578,1028186
04-02-2019,2610,2672.399902,2565.449951,2642.5,2166.73584,817279
05-02-2019,2647,2720,2645,2710.649902,2222.615723,469089
06-02-2019,2715,2785,2714.149902,2770.149902,2271.403076,495030
07-02-2019,2785,2872,2772.149902,2853.600098,2339.829102,983573
08-02-2019,2852,2879.100098,2831.199951,2851.399902,2338.024902,1004870
11-02-2019,2850,2870,2819.050049,2853.600098,2339.829102,712787
12-02-2019,2845.600098,2854,2819.5,2832.350098,2322.404785,280913
14-02-2019,2820,2875,2811.25,2823.100098,2314.820068,372416
15-02-2019,2825.149902,2850,2805.050049,2825.949951,2317.156738,867192
18-02-2019,2830,2835,2767.800049,2793.5,2290.549316,296237
19-02-2019,2801,2825,2777.5,2787.850098,2285.916748,185862
20-02-2019,2788,2798,2737.25,2774.699951,2275.134521,428139
21-02-2019,2770,2829.899902,2751.699951,2813.949951,2307.317627,281964
22-02-2019,2825,2847,2801.850098,2816.850098,2309.695557,431535
25-02-2019,2817,2854.699951,2816.899902,2847.550049,2334.868164,322524
26-02-2019,2834,2870,2812,2859.300049,2344.502686,369292
27-02-2019,2870,2941,2870,2914.699951,2389.928223,861033
28-02-2019,2930,2933.800049,2864,2900.600098,2378.366699,1246854
01-03-2019,2914,2943,2856.199951,2863.5,2347.946289,1008494
05-03-2019,2835.050049,2917.399902,2814.800049,2903.75,2380.949463,632301
06-03-2019,2895.649902,2942,2876.25,2927.600098,2400.505859,748391
07-03-2019,2927,2927,2900,2919.899902,2394.19165,392086
08-03-2019,2910,2964.600098,2900.050049,2955.699951,2423.546631,754427
11-03-2019,2970,3012,2936.899902,3000.550049,2460.321777,1147194
12-03-2019,3012,3020.800049,2981.350098,2996.100098,2456.672852,503545
13-03-2019,3002,3047.199951,2990,3010,2468.069824,565499
14-03-2019,3012,3025,2970,3016.850098,2473.686523,985558
15-03-2019,3002.100098,3032.199951,2980,3023.800049,2479.385742,538508
18-03-2019,3026.899902,3047.800049,2992.100098,3005.149902,2464.093506,341148
19-03-2019,3008,3008,2945,2974.699951,2439.125488,545621
20-03-2019,2969.800049,2969.800049,2920.050049,2949.649902,2418.585693,834351
22-03-2019,2960,2998.850098,2930.050049,2949.75,2418.66748,622630
25-03-2019,2934.800049,2965.600098,2915.25,2957.949951,2425.391113,319510
26-03-2019,2961.050049,2968,2939,2952.800049,2421.168701,322020
27-03-2019,2965,2995,2950,2980.100098,2443.553467,402423
28-03-2019,2989,3020.449951,2915,2948.800049,2417.88916,1800550
01-04-2019,2947.949951,2950,2901.5,2915.649902,2390.707031,679984
02-04-2019,2918,2938.350098,2842,2853.100098,2339.418945,938624
03-04-2019,2860,2877.100098,2831,2847.300049,2334.663086,484790
04-04-2019,2862,2884.050049,2850,2859.100098,2344.338867,662281
05-04-2019,2869.649902,2880,2852.25,2861.649902,2346.429688,272382
08-04-2019,2876,2876,2842,2853.350098,2339.624023,213351
09-04-2019,2860,2929.850098,2838,2924.800049,2398.209473,492843
10-04-2019,2917.949951,2952,2910.350098,2942.899902,2413.051025,530788
11-04-2019,2940.899902,3000,2939,2993.699951,2454.704834,400118
12-04-2019,2991.800049,3025.949951,2975.25,3008.149902,2466.553223,438822
15-04-2019,3013,3046,2992,3035.050049,2488.610107,271376
16-04-2019,3045,3074.899902,3032.199951,3068.449951,2515.996582,371767
18-04-2019,3069,3089.899902,3041.199951,3069.5,2516.857666,365773
22-04-2019,3055.5,3079,3041.5,3051.199951,2501.852051,186563
23-04-2019,3050,3070,3010.699951,3039.149902,2491.97168,360759
24-04-2019,3035,3082.850098,3025.199951,3075.800049,2522.023193,524013
25-04-2019,3073.949951,3110,3027.600098,3088.050049,2532.067871,509586
26-04-2019,3080,3095,3030,3044.649902,2496.481201,268298
30-04-2019,3045,3050,2942.899902,2984.100098,2446.833496,654107
02-05-2019,2989,3040,2958.699951,3030.550049,2484.920166,670855
03-05-2019,3028,3066,3020,3059.75,2508.862793,446730
06-05-2019,3054,3054,3013,3026.199951,2481.353271,259117
07-05-2019,3026,3053,3021.300049,3033.050049,2486.970459,244684
08-05-2019,3032,3033,2951.800049,2957.75,2425.227295,427476
09-05-2019,2950,2993.5,2932.300049,2982.899902,2445.849121,348293
10-05-2019,2980.5,3008,2954.350098,2966.199951,2432.156006,241374
13-05-2019,2970.350098,2999,2947.25,2972.75,2437.526611,233316
14-05-2019,2960,2969,2901,2937.199951,2408.377197,309971
15-05-2019,2937.25,2949.449951,2901.350098,2914.449951,2389.723145,320831
16-05-2019,2928,2958.449951,2908,2942.649902,2412.845947,218733
17-05-2019,2950,3149.949951,2935.149902,3040.050049,2492.709717,1993105
20-05-2019,3087.949951,3087.949951,2951,3006.300049,2465.036133,1022048
21-05-2019,3014,3043.899902,2969.050049,2979.300049,2442.897705,447168
22-05-2019,2980.050049,3054,2973.149902,3047.199951,2498.57251,493470
23-05-2019,3075,3085,3028.699951,3065,2513.167725,576440
24-05-2019,3065,3098.899902,3005,3077.899902,2523.745361,529984
27-05-2019,3085.100098,3090,3031,3066.899902,2514.725586,341393
28-05-2019,3067,3108.350098,2962.399902,2988,2450.031006,921394
29-05-2019,2990,2990,2920,2925.5,2398.783691,531761
30-05-2019,2942,2980,2920.649902,2945,2414.772705,938395
31-05-2019,2953,2978.75,2915.300049,2925.899902,2399.111572,376941
03-06-2019,2945,3077.949951,2904.600098,3034.600098,2488.241211,1302391
04-06-2019,3026.199951,3029.300049,2970.399902,2983.899902,2446.669434,450220
06-06-2019,3002,3027.899902,2960,2991.649902,2453.023438,481570
07-06-2019,2999.949951,3006.649902,2953.449951,2961.399902,2428.220215,212676
10-06-2019,2976,2999,2963.600098,2989.800049,2451.507324,155660
11-06-2019,3003.800049,3025,2981,2987.149902,2449.334229,355284
12-06-2019,2991,2997.050049,2931.300049,2944.5,2414.362793,273834
13-06-2019,2951,2955,2901.25,2922.649902,2396.446777,224615
14-06-2019,2927,2935,2865,2872.550049,2355.367188,353978
17-06-2019,2865.050049,2870,2827.800049,2836.199951,2325.561279,314402
18-06-2019,2837,2882.050049,2837,2855.600098,2341.468994,308511
19-06-2019,2870,2884,2803,2822.899902,2314.656006,294638
20-06-2019,2837.899902,2906.899902,2806.149902,2897.300049,2375.661133,301774
21-06-2019,2894.899902,2910.899902,2844.100098,2875.550049,2357.826904,529699
24-06-2019,2855,2877.100098,2801.199951,2816.899902,2309.736572,434882
25-06-2019,2814,2853.949951,2786,2843.699951,2331.711426,424591
26-06-2019,2839.949951,2881.350098,2814,2868.699951,2352.209961,265442
27-06-2019,2867.25,2909.899902,2851,2865.850098,2349.873291,621516
28-06-2019,2865,2869,2817.300049,2827.050049,2318.059082,303973
01-07-2019,2838.399902,2920.149902,2836.199951,2911.949951,2387.67334,628760
02-07-2019,2919,2927.949951,2864,2883.550049,2364.386719,334846
03-07-2019,2900,2910,2872,2897.75,2376.029785,274468
04-07-2019,2900,2909,2877,2894.800049,2373.61084,249409
05-07-2019,2898,2918,2826.949951,2842.550049,2330.768066,324849
08-07-2019,2827.550049,2827.550049,2746.600098,2777.800049,2277.67627,363327
09-07-2019,2774,2796.5,2755,2786.399902,2284.727539,253454
10-07-2019,2790,2793.949951,2720.550049,2740.399902,2247.009766,378373
11-07-2019,2720,2724.5,2660.25,2711.699951,2273.248779,653802
12-07-2019,2720,2751.899902,2693.350098,2722.550049,2282.344727,298498
15-07-2019,2728,2754,2705.699951,2714,2275.177002,299859
16-07-2019,2710,2745,2678,2732.449951,2290.643799,315367
17-07-2019,2725,2735.75,2691.350098,2696.899902,2260.842041,267305
18-07-2019,2700,2711.850098,2621.100098,2630.800049,2205.429443,365949
19-07-2019,2640,2654.949951,2550,2558.25,2144.609863,456542
22-07-2019,2560,2609.949951,2514.449951,2562.899902,2148.508057,407638
23-07-2019,2569,2570,2515.199951,2523.850098,2115.772217,602971
24-07-2019,2523.850098,2543,2482,2522.600098,2114.724365,481139
25-07-2019,2526.449951,2567.899902,2513,2547,2135.178955,549808
26-07-2019,2547,2679.949951,2506.25,2618.649902,2195.243896,2105536
29-07-2019,2590,2590,2451,2487.649902,2085.424805,1009207
30-07-2019,2490,2515,2445.449951,2463.850098,2065.473389,784779
31-07-2019,2463,2536,2442.199951,2516.5,2109.61084,651778
01-08-2019,2485.050049,2552.600098,2473.600098,2537.649902,2127.340576,625372
02-08-2019,2517.100098,2618,2478.149902,2600.550049,2180.070801,1021098
05-08-2019,2565,2642.649902,2545.5,2619.75,2196.16626,906097
06-08-2019,2600,2649,2592.899902,2609.800049,2187.824951,765470
07-08-2019,2635.5,2635.5,2585,2605.100098,2183.88501,459833
08-08-2019,2612,2721.550049,2602.050049,2703.75,2266.584229,592914
09-08-2019,2710.550049,2741.5,2685,2707.600098,2269.812012,673080
13-08-2019,2699.949951,2742.850098,2642.600098,2670.550049,2238.752441,706218
14-08-2019,2672,2757,2672,2713.899902,2275.093018,522580
16-08-2019,2712.050049,2760,2661.350098,2750.949951,2306.152588,600082
19-08-2019,2764.75,2773,2713.800049,2725.5,2284.817627,461203
20-08-2019,2730,2768.699951,2718.550049,2742.949951,2299.446045,537366
21-08-2019,2745.949951,2771.5,2735,2764.800049,2317.763428,429633
22-08-2019,2762,2775,2731.300049,2744.25,2300.535645,428855
23-08-2019,2743.949951,2765,2714.149902,2749.149902,2304.643555,332505
26-08-2019,2794.699951,2794.699951,2686,2736.800049,2294.290527,577286
27-08-2019,2754,2798.399902,2745.100098,2766.5,2319.188232,514940
28-08-2019,2760,2813.949951,2750.550049,2766.75,2319.397949,479960
29-08-2019,2762,2786.75,2738.399902,2757.800049,2311.89502,438739
30-08-2019,2766.100098,2796.899902,2726.149902,2788.300049,2337.463623,391007
03-09-2019,2775.300049,2805.100098,2757.600098,2764.199951,2317.26001,493182
04-09-2019,2774.399902,2788.449951,2725,2735.699951,2293.368408,340167
05-09-2019,2740.050049,2775.449951,2740.050049,2759.199951,2313.068604,383992
06-09-2019,2772.899902,2864.800049,2745.5,2839.350098,2380.259277,1005180
09-09-2019,2809,2838.550049,2797,2817.800049,2362.193604,471251
11-09-2019,2838.899902,2920.449951,2812,2908.399902,2438.14502,1253636
12-09-2019,2911,2911.399902,2846.699951,2852.199951,2391.031738,314580
13-09-2019,2860,2889,2855,2878.199951,2412.827881,355911
16-09-2019,2859,2887.699951,2850,2874.449951,2409.684326,305963
17-09-2019,2874.800049,2875.850098,2762.550049,2773.149902,2324.762939,439334
18-09-2019,2798,2819,2750.100098,2777.050049,2328.032715,524048
19-09-2019,2773,2776,2721.449951,2738.850098,2296.009033,228796
20-09-2019,2730,3020.100098,2725,2929.25,2455.623535,1423536
23-09-2019,2956.100098,3027.149902,2929,2995.149902,2510.868164,807027
24-09-2019,3001,3005,2929.199951,2958.149902,2479.85083,479273
25-09-2019,2940,2965,2910,2941,2465.473633,439376
26-09-2019,2942,2993,2935,2970.300049,2490.036133,647497
27-09-2019,2964,2989.550049,2936.149902,2957.5,2479.305908,326785
30-09-2019,2960.100098,2974.949951,2902.5,2941.800049,2466.144531,384245
01-10-2019,2945,2977.699951,2888.050049,2910,2439.486084,546876
03-10-2019,2915,2939.699951,2882.5,2897.899902,2429.342285,292132
04-10-2019,2915,2935,2855,2863.550049,2400.546875,342652
07-10-2019,2859.899902,2900.050049,2854.949951,2892.300049,2424.647705,276023
09-10-2019,2889,2915,2877.75,2891.850098,2424.270752,355878
10-10-2019,2881,2932,2865,2886.25,2419.575928,313632
11-10-2019,2898,2925,2883.550049,2898.800049,2430.096924,198610
14-10-2019,2889.100098,2975,2888,2958.050049,2479.76709,367105
15-10-2019,2964,3029.899902,2953.449951,3011.949951,2524.952148,636441
16-10-2019,3035,3050,3015.25,3023.699951,2534.802002,572575
17-10-2019,3009,3140,2995,3111.5,2608.405762,707480
18-10-2019,3119,3119.949951,3075,3087.050049,2587.90918,398223
22-10-2019,3090.050049,3154.399902,3089.649902,3122.300049,2617.459473,379635
23-10-2019,3122.399902,3237.350098,3095,3162.649902,2651.285156,2111842
24-10-2019,3165,3201,3143.449951,3167.850098,2655.644531,656713
25-10-2019,3187.149902,3187.149902,3110,3129.649902,2623.621338,369730
27-10-2019,3159,3173.300049,3135.149902,3143.350098,2635.106201,72198
29-10-2019,3145,3198.649902,3137.350098,3180.75,2666.45874,383452
30-10-2019,3199.399902,3229.399902,3173.100098,3222.899902,2701.793701,572787
31-10-2019,3229.699951,3255,3213,3247.350098,2722.290527,446046
01-11-2019,3250,3289,3190,3232.649902,2709.967041,748062
04-11-2019,3236,3248.25,3181.300049,3212.050049,2692.698242,330025
05-11-2019,3225,3255.699951,3191.149902,3246.300049,2721.410156,305513
06-11-2019,3244,3271.5,3214.75,3248.300049,2723.086914,348652
07-11-2019,3244,3277,3222.949951,3265.850098,2737.799072,326912
08-11-2019,3257.800049,3288.800049,3235.550049,3245.550049,2720.781494,483871
11-11-2019,3238,3254,3221,3237.350098,2713.907471,278347
13-11-2019,3230,3245,3190.800049,3206,2687.626221,305804
14-11-2019,3205,3244.550049,3191.100098,3233.300049,2710.512207,310906
15-11-2019,3240,3252.449951,3200,3215.350098,2695.4646,311463
18-11-2019,3225,3225,3146.75,3156.899902,2646.465088,441118
19-11-2019,3156,3171.5,3122.100098,3161.050049,2649.944336,285669
20-11-2019,3145.550049,3168.899902,3130.5,3162.399902,2651.075684,238889
21-11-2019,3152.399902,3209,3144,3188.350098,2672.829834,347577
22-11-2019,3180,3186,3133.5,3152.350098,2642.650879,285777
25-11-2019,3152.350098,3206.300049,3105.199951,3195.649902,2678.949463,332892
26-11-2019,3199.899902,3228,3168.75,3178.149902,2664.279053,628851
27-11-2019,3188.149902,3217.25,3180,3212.050049,2692.698242,308282
28-11-2019,3210,3216.75,3182.800049,3196.399902,2679.578125,194094
29-11-2019,3186,3196,3147.100098,3176,2662.477051,203765
02-12-2019,3163.100098,3217.399902,3142.050049,3159.25,2648.434814,474666
03-12-2019,3167,3270,3167,3259.75,2732.685303,864612
04-12-2019,3259.75,3278,3228,3251.149902,2725.476074,458892
05-12-2019,3240,3286.399902,3225.850098,3243.100098,2718.727783,692533
06-12-2019,3243.100098,3258,3193.100098,3206.100098,2687.709961,275871
09-12-2019,3223.899902,3239.850098,3202.300049,3225.550049,2704.014893,217098
10-12-2019,3230,3240,3211.25,3232.5,2709.841553,278890
11-12-2019,3240.149902,3274.850098,3220.050049,3268.649902,2740.14624,327568
12-12-2019,3276.300049,3283.300049,3256.600098,3261.449951,2734.110352,263581
13-12-2019,3274.899902,3274.899902,3220.25,3232.899902,2710.176514,360095
16-12-2019,3234.5,3280,3213.149902,3220.399902,2699.697754,376835
17-12-2019,3225,3231.699951,3194.399902,3199.100098,2681.842041,336920
18-12-2019,3199.050049,3220,3192.199951,3213.649902,2694.039307,315871
19-12-2019,3206,3232,3182,3218.399902,2698.02124,409369
20-12-2019,3232,3239.800049,3197.600098,3203.75,2685.739746,304173
23-12-2019,3205,3225,3184.5,3219.5,2698.943359,242195
24-12-2019,3220,3235,3210,3226.75,2705.02124,172853
26-12-2019,3226,3239,3204,3230.050049,2707.787598,241386
27-12-2019,3221.25,3258,3220.5,3241.949951,2717.763672,211224
30-12-2019,3240,3260,3229.050049,3251.949951,2726.146729,332557
31-12-2019,3251,3251,3175.550049,3185,2670.021729,526252
01-01-2020,3183,3193.75,3142.100098,3150.100098,2640.764404,320021
02-01-2020,3154.949951,3172.5,3112.050049,3121,2616.369629,452413
03-01-2020,3125.5,3128.25,3065,3072.050049,2575.334473,424311
06-01-2020,3070,3071.600098,3028.050049,3037.649902,2546.496338,355754
07-01-2020,3045.5,3072,3030.100098,3037.949951,2546.748047,225535
08-01-2020,3000,3073.399902,3000,3059.25,2564.60376,393614
09-01-2020,3076,3110,3066.050049,3085.699951,2586.777588,333029
10-01-2020,3098,3117,3085.75,3101.199951,2599.77124,455081
13-01-2020,3106,3119.949951,3080.199951,3094.050049,2593.777344,154993
14-01-2020,3091.100098,3118,3074,3101.600098,2600.106689,278534
15-01-2020,3101,3138,3092,3123.550049,2618.507568,553613
16-01-2020,3129.800049,3150,3101.5,3112.100098,2608.908691,287553
17-01-2020,3112,3138,3098,3118.100098,2613.938965,272072
20-01-2020,3130,3144.649902,3083.149902,3103.699951,2601.866943,365554
21-01-2020,3096,3119,3085.5,3097.050049,2596.292236,215722
22-01-2020,3105,3110,3070.100098,3076.399902,2578.981201,269339
23-01-2020,3072,3089.949951,3051.100098,3065.199951,2569.592041,256329
24-01-2020,3068,3092.949951,3064,3074.149902,2577.094727,209961
27-01-2020,3069.800049,3122.949951,3044.050049,3082.600098,2584.178955,308445
28-01-2020,3089.800049,3109.600098,3048,3060.899902,2565.987305,239986
29-01-2020,3079,3099,3060,3091.850098,2591.932861,243945
30-01-2020,3108.5,3185,3041.100098,3145.5,2636.908447,2400831
31-01-2020,3150,3239.949951,3150,3180.050049,2665.87207,1141144
03-02-2020,3143,3315.149902,3115.100098,3284.5,2753.433594,921166
04-02-2020,3270,3313,3151,3162.800049,2651.411133,1546450
05-02-2020,3185,3220.899902,3150,3161.5,2650.321289,646723
06-02-2020,3170,3211,3141.399902,3149.800049,2640.513184,514236
07-02-2020,3164.800049,3189,3106.600098,3134.850098,2627.980469,454698
10-02-2020,3138,3150.850098,3091.699951,3103.300049,2601.531494,386072
11-02-2020,3125,3150,3100,3145.449951,2636.866455,274244
12-02-2020,3164.699951,3184.649902,3136.850098,3146.300049,2637.579102,345354
13-02-2020,3149,3172.199951,3120.399902,3136.399902,2629.279541,268031
14-02-2020,3145,3205,3136.800049,3146.399902,2637.662842,381580
17-02-2020,3152.550049,3159.449951,3070,3075.600098,2578.310303,269986
18-02-2020,3064.699951,3090.550049,3033.5,3082.5,2584.094482,337054
19-02-2020,3092,3111.949951,3072.399902,3090.899902,2591.136475,220584
20-02-2020,3091,3100.050049,3057.649902,3065.5,2569.843506,256115
24-02-2020,3077,3084.649902,2970.050049,2980.5,2498.586914,499562
25-02-2020,2992,3007,2931,2947.399902,2470.838623,527499
26-02-2020,2937,2974,2920,2946.600098,2470.168457,445577
27-02-2020,2944.800049,2969.949951,2913.5,2936.600098,2461.785156,416726
28-02-2020,2890,2915,2850.449951,2890,2422.719971,925702
02-03-2020,2920,2944.5,2772,2792.199951,2340.733154,1281846
03-03-2020,2700,2730,2653,2692.25,2358.295898,1459848
04-03-2020,2720,2764.5,2653.5,2711.5,2375.157959,954038
05-03-2020,2719.949951,2749,2696.199951,2703.649902,2368.281738,384427
06-03-2020,2640,2758,2620,2735.050049,2395.786865,658891
09-03-2020,2675,2690,2558.600098,2573.350098,2254.144775,706890
11-03-2020,2580,2630,2562.699951,2591.550049,2270.086914,641982
12-03-2020,2519.949951,2535,2319.050049,2338.899902,2048.776123,799317
13-03-2020,2249,2432.449951,2040,2357.100098,2064.71875,883265
16-03-2020,2315,2389,2290,2339.550049,2049.345947,963321
17-03-2020,2345.199951,2372.699951,2250.050049,2270.449951,1988.817017,658935
18-03-2020,2290,2309.899902,2157.149902,2169,1899.951172,593949
19-03-2020,2119.75,2377.399902,2032.349976,2166.600098,1897.848999,1010352
20-03-2020,2189.899902,2298.899902,2153.949951,2242.300049,1964.159058,718313
23-03-2020,2052,2389,1900,1935.550049,1695.459106,797154
24-03-2020,2000,2057.899902,1788.650024,1937.150024,1696.860474,1210613
25-03-2020,1917,1989,1866.599976,1946.75,1705.269775,606235
26-03-2020,1998.199951,2133.899902,1934,2106.850098,1845.51062,989242
27-03-2020,2149,2167,2007.150024,2053.449951,1798.734375,938567
30-03-2020,2016,2020.800049,1945.050049,1986.699951,1740.264282,462909
31-03-2020,2037.349976,2048.399902,1930.300049,2022.349976,1771.492065,762791
01-04-2020,2000,2095.800049,1990,2051.100098,1796.676025,869738
03-04-2020,2051.100098,2056.300049,1957.550049,2033.75,1781.478149,692217
07-04-2020,2065,2303.550049,2065,2280.050049,1997.22644,1069857
08-04-2020,2180,2383.449951,2168.550049,2241.699951,1963.633179,840875
09-04-2020,2290,2524.949951,2289.899902,2435.949951,2133.788086,1788927
13-04-2020,2430.149902,2430.149902,2321.75,2397.550049,2100.151123,654478
15-04-2020,2410,2483.600098,2320.050049,2335.149902,2045.491333,986750
16-04-2020,2330,2365,2264.5,2333.550049,2044.090088,944544
17-04-2020,2380,2425.050049,2347.050049,2379.149902,2084.033447,690554
20-04-2020,2410,2415,2351.699951,2378.300049,2083.289307,427667
21-04-2020,2344,2354.449951,2295,2323.25,2035.067871,702627
22-04-2020,2323.25,2412.100098,2296.100098,2379.699951,2084.515625,712519
23-04-2020,2379.699951,2446.949951,2368,2430.649902,2129.145508,1179211
24-04-2020,2410,2472,2381,2445.350098,2142.022217,669287
27-04-2020,2470,2551.850098,2453.25,2505.75,2194.929932,1128257
28-04-2020,2510.850098,2546.399902,2431.350098,2463.699951,2158.095703,646907
29-04-2020,2474,2520,2450,2499.149902,2189.148193,525256
30-04-2020,2525.100098,2654,2510.149902,2623.300049,2297.898926,1118513
04-05-2020,2550,2554.949951,2415.399902,2442.149902,2139.218994,574557
05-05-2020,2475,2488.899902,2400.800049,2422.800049,2122.269287,663761
06-05-2020,2425,2495,2361.300049,2471.850098,2165.235107,778602
07-05-2020,2470,2485.75,2400,2406.550049,2108.034912,422145
08-05-2020,2446.050049,2450,2401.050049,2419.050049,2118.984375,455821
11-05-2020,2430,2624.949951,2428,2566.300049,2247.969238,1627625
12-05-2020,2531,2655.899902,2494.25,2628.850098,2302.760498,1335103
13-05-2020,2774,2774,2671.350098,2696,2361.580566,1257856
14-05-2020,2601.5,2730,2601.5,2702.649902,2367.405518,893108
15-05-2020,2705,2710,2650,2663.600098,2333.199707,645362
18-05-2020,2650,2653.350098,2461,2477.449951,2170.140381,1172714
19-05-2020,2518,2555,2486.899902,2509.300049,2198.039307,641584
20-05-2020,2496,2580.449951,2477.449951,2557.75,2240.479736,947430
21-05-2020,2634.5,2724.199951,2621.25,2640.350098,2312.83374,3481384
22-05-2020,2623,2634.5,2542.800049,2553.75,2236.976074,1328364
26-05-2020,2580,2597.949951,2533.600098,2564.850098,2246.698975,686475
27-05-2020,2569,2605,2540.300049,2580.550049,2260.451416,563888
28-05-2020,2588,2619.5,2450,2600,2277.48877,1087116
29-05-2020,2603,2741,2591.25,2710.5,2374.281982,2057601
01-06-2020,2730,2790,2725.449951,2758.300049,2416.152832,1008549
02-06-2020,2759.899902,2814.25,2726.199951,2796.100098,2449.26416,1283507
03-06-2020,2825,2876.5,2770.100098,2783.399902,2438.139404,750002
04-06-2020,2778,2833.199951,2756,2817.25,2467.790527,709462
05-06-2020,2842,2842.899902,2762,2776.300049,2431.920166,723898
08-06-2020,2800,2814,2745,2801.050049,2453.600342,727119
09-06-2020,2805.100098,2814.600098,2766,2791.149902,2444.928223,619517
10-06-2020,2790.199951,2803.949951,2703.350098,2717.199951,2380.151123,687626
11-06-2020,2717.199951,2758,2703.399902,2718.550049,2381.33374,661173
12-06-2020,2610.25,2799.050049,2610.25,2782.149902,2437.044434,895700
15-06-2020,2774,2774,2707.949951,2728.550049,2390.093018,517425
16-06-2020,2764,2786.949951,2702.850098,2718.449951,2381.246094,611383
17-06-2020,2718.449951,2737.800049,2674.199951,2689.449951,2355.843262,600388
18-06-2020,2689.449951,2697.149902,2646.149902,2678.350098,2346.120117,579578
19-06-2020,2690,2710,2655,2674.350098,2342.616211,929078
22-06-2020,2690,2873.949951,2659.550049,2855.75,2501.514893,1872829
23-06-2020,2890,2910.100098,2844.949951,2862.149902,2507.12085,1089848
24-06-2020,2899.800049,2979.899902,2805.649902,2817.25,2467.790527,1616696
25-06-2020,2789.800049,2890,2772.699951,2820.449951,2470.593262,1341923
26-06-2020,2853.699951,2900,2825,2867.600098,2511.89502,1227656
29-06-2020,2825,2870,2815,2859.5,2504.799805,680236
30-06-2020,2902.399902,2913.449951,2815,2826.050049,2475.499023,751691
01-07-2020,2838.050049,2872,2828.600098,2842.050049,2489.514404,525799
02-07-2020,2857.899902,2903.449951,2837.100098,2879.350098,2522.1875,754915
03-07-2020,2899,2960,2887.600098,2932.399902,2568.656982,1394992
06-07-2020,2942.050049,2946,2884,2897.100098,2537.73584,1126381
07-07-2020,2901,2974,2826.550049,2847.149902,2493.981445,2168021
08-07-2020,2882,2899,2811.600098,2852.449951,2498.624512,1348810
09-07-2020,2878,2895,2840.199951,2882,2524.508545,700469
10-07-2020,2875,2915,2856.399902,2894.699951,2535.633301,688336
13-07-2020,2898.899902,2910,2876.800049,2900,2540.276123,481601
14-07-2020,2898,2909.899902,2847,2899.5,2539.838135,612986
15-07-2020,2915,2955,2900,2942.050049,2577.110107,905297
16-07-2020,2944,2950,2898.899902,2942.300049,2577.329102,525135
17-07-2020,2950,3000,2925,2995,2623.491943,687105
20-07-2020,3001,3020,2974,3002.550049,2630.105469,766788
21-07-2020,3015,3057,2990,3004.300049,2631.638184,834544
22-07-2020,3011,3030.149902,2906.550049,2985.399902,2615.08252,2050770
23-07-2020,2965,3050,2939.649902,3032.100098,2655.98999,1057181
24-07-2020,3030,3030,2978,2985.5,2615.170166,543609
27-07-2020,2990,3035,2934.050049,3020.5,2645.828857,621957
28-07-2020,3021,3130,3018,3119.350098,2732.417236,1263659
29-07-2020,3127.050049,3149,3080.850098,3099.300049,2714.854492,582910
30-07-2020,3110,3129.949951,3039.350098,3048.949951,2670.75,570166
31-07-2020,3068.850098,3077.899902,2991.600098,3004.949951,2632.207764,561196
03-08-2020,2990,3069.899902,2910,2917.449951,2555.561279,1246016
04-08-2020,2939,2999,2922.050049,2969.949951,2601.549072,706322
05-08-2020,2986.199951,3035.449951,2972,3009,2635.755371,678314
06-08-2020,3024.800049,3075,2976.399902,2991.800049,2620.688721,853222
07-08-2020,2991.800049,3019,2975,3001.699951,2629.36084,515510
10-08-2020,3001.699951,3025,2971,2993.800049,2622.440918,442147
11-08-2020,3020.800049,3060,2995.75,3007.449951,2634.397461,696792
12-08-2020,3007.449951,3035,2982.5,3023,2648.018555,489280
13-08-2020,3040,3040,3000,3017.949951,2643.595215,462333
14-08-2020,3022,3028.25,2976,2987.550049,2616.966064,542458
17-08-2020,3014,3126,2992,3115.600098,2729.132324,1577193
18-08-2020,3124,3147,3093,3104.800049,2719.672119,825757
19-08-2020,3110,3159,3048.75,3059.800049,2680.25415,953142
20-08-2020,3059,3065,3025.350098,3036.949951,2660.238281,563069
21-08-2020,3062,3075,3038,3053.149902,2674.428711,395723
24-08-2020,3062.899902,3096,3026.75,3039.350098,2662.34082,562548
25-08-2020,3054.399902,3054.399902,2991.699951,3009.399902,2636.105713,652358
26-08-2020,3080.050049,3138,3071.300049,3082.199951,2699.875244,2026040
27-08-2020,3082.199951,3088.75,3025.199951,3043,2665.537842,711504
28-08-2020,3044,3062.449951,3002,3014.149902,2640.266357,679405
31-08-2020,3025,3029,2946.100098,2967,2598.964844,2787032
01-09-2020,2947,3004,2930,2958.399902,2591.431885,755670
02-09-2020,2950,2969.699951,2847.050049,2880.550049,2523.23877,1946352
03-09-2020,2909.050049,2923.699951,2886.050049,2896.399902,2537.122559,785527
04-09-2020,2880,2926.100098,2840,2883.199951,2525.55957,1499317
07-09-2020,2898.350098,2906.850098,2830.050049,2898.199951,2538.698975,807657
08-09-2020,2899.949951,2918,2866.25,2901.75,2541.808838,798195
09-09-2020,2875,2921.699951,2852,2910.149902,2549.166748,677328
10-09-2020,2917.100098,2924.350098,2871.5,2914.699951,2553.152832,686071
11-09-2020,2914,2941.949951,2903.899902,2916.350098,2554.5979,683992
14-09-2020,2922,2988,2895,2957.699951,2590.818359,1185683
15-09-2020,2957.399902,2960,2921.050049,2937.350098,2572.99292,632573
16-09-2020,2942.5,3049,2937.399902,3037.949951,2661.114258,1865973
17-09-2020,3015,3029.949951,2985.25,3019.199951,2644.689941,687069
18-09-2020,3023.100098,3070,2996,3050.949951,2672.501709,937014
21-09-2020,3045.949951,3045.949951,2960.100098,2986.699951,2616.221436,779499
22-09-2020,2984.199951,3009.449951,2942.100098,2985.850098,2615.477051,690800
23-09-2020,2993,3047.600098,2955,2986.199951,2615.783691,949248
24-09-2020,2964.899902,3001.899902,2912.800049,2931.850098,2568.175293,736921
25-09-2020,2954.949951,2998.5,2926.050049,2957.399902,2590.555908,559314
28-09-2020,2976.899902,3022.300049,2952.850098,2966.350098,2598.395996,902239
29-09-2020,2992.699951,3011,2890,2897.5,2538.086182,1189292
30-09-2020,2897.550049,2939,2870,2881.100098,2523.720703,1095715
01-10-2020,2940,3113.949951,2940,2985.399902,2615.08252,4741959
05-10-2020,3016.399902,3020,2930.050049,2952.300049,2586.088623,904969
06-10-2020,2985,2993,2951,2972.25,2603.563965,678723
07-10-2020,2975,3097.949951,2954.550049,3077.399902,2695.670654,2126243
08-10-2020,3070,3110.800049,3051,3074.550049,2693.174561,1009344
09-10-2020,3080,3097.649902,3027.600098,3059.800049,2680.25415,698666
12-10-2020,3051,3074.649902,3011.100098,3022.75,2647.799561,632718
13-10-2020,3025,3051.100098,2996.199951,3034.449951,2658.048584,456767
14-10-2020,3037.949951,3075,3020,3054.149902,2675.304688,822555
15-10-2020,3059.949951,3130,3019.449951,3027.399902,2651.873047,1076100
16-10-2020,3030,3092,3029,3044.75,2667.070557,548742
19-10-2020,3070,3071.949951,2970.199951,2980,2610.352539,598192
20-10-2020,2980,3018.550049,2957,3004.199951,2631.550781,899774
21-10-2020,3030,3039.149902,2992.050049,3018,2643.63916,982019
22-10-2020,3009.800049,3039.449951,2977,3006.199951,2633.302734,1701072
23-10-2020,3030,3095.5,2997.149902,3082.25,2699.918945,1217651
26-10-2020,3097.949951,3113.75,2885,2895.149902,2536.027344,2140237
27-10-2020,2910,2972.25,2853.050049,2947.350098,2581.752686,1812330
28-10-2020,2947,2967,2890.199951,2944.050049,2578.861816,1197897
29-10-2020,2918.949951,2934,2885,2925.350098,2562.481689,714820
30-10-2020,2940,2963.199951,2880.100098,2886.899902,2528.801025,722940
02-11-2020,2918,2934.850098,2822.449951,2843.699951,2490.959717,926407
03-11-2020,2855.199951,2929.949951,2855.199951,2914.850098,2553.28418,951287
04-11-2020,2905,2947.75,2882.399902,2926.100098,2563.138672,710858
05-11-2020,2951,2970,2927,2949.300049,2583.460938,507235
06-11-2020,2960,3000,2955,2977.399902,2608.074951,889565
09-11-2020,2990,3022,2980,3001.949951,2629.579834,550477
10-11-2020,3015,3022.5,2967,2997.5,2625.681885,664054
11-11-2020,3017.699951,3040,2986.550049,3023.100098,2648.106445,782511
12-11-2020,3025,3040.899902,2996.25,3017.449951,2643.157227,646257
13-11-2020,3010,3048,2995.600098,3040.75,2663.566895,557563
14-11-2020,3055.649902,3065,3030,3041.899902,2664.574219,59697
17-11-2020,3034,3048.899902,2996.449951,3045.149902,2667.421387,501135
18-11-2020,3055.800049,3055.800049,3003.899902,3037.899902,2661.070313,455293
19-11-2020,3033,3056.5,3010,3034.25,2657.873291,888406
20-11-2020,3033,3085,3022,3058.550049,2679.15918,820220
23-11-2020,3068,3085,3030.600098,3077.75,2695.977539,493600
24-11-2020,3077,3122,3053,3095.699951,2711.700684,858928
25-11-2020,3100,3160,3041,3051.25,2672.764648,1219151
26-11-2020,3053,3150,3053,3129.199951,2741.045654,1264680
27-11-2020,3144.899902,3249,3135.699951,3173.550049,2779.894287,2548347
01-12-2020,3175.100098,3248.949951,3161,3243.649902,2841.298828,1400851
02-12-2020,3243.649902,3348,3221.5,3338.149902,2924.07666,1707284
03-12-2020,3368.699951,3371.199951,3281,3294.399902,2885.753662,965142
04-12-2020,3298.300049,3344.550049,3288.199951,3311.399902,2900.644531,739106
07-12-2020,3311.399902,3335,3267.800049,3319.550049,2907.783936,481597
08-12-2020,3320,3384.75,3300.550049,3326.199951,2913.609131,823352
09-12-2020,3335,3353.649902,3300,3306.550049,2896.39624,397850
10-12-2020,3306.199951,3319.949951,3272.050049,3290.850098,2882.643799,469288
11-12-2020,3295.600098,3337.149902,3285.550049,3327.649902,2914.87915,611154
14-12-2020,3327.649902,3334.550049,3265,3289,2881.023682,425416
15-12-2020,3284,3347.199951,3262,3271.649902,2865.825195,746643
16-12-2020,3289,3308.449951,3252,3303.5,2893.724609,616704
17-12-2020,3307.100098,3330,3258,3270.449951,2864.774414,678073
18-12-2020,3275.899902,3363,3270.899902,3347.550049,2932.310791,1362381
21-12-2020,3352.5,3355,3198.5,3238.25,2836.568604,797760
22-12-2020,3245,3285,3172,3265.300049,2860.262939,825331
23-12-2020,3281,3318.949951,3261,3309.649902,2899.111572,816586
24-12-2020,3318,3423.550049,3316.050049,3374.75,2956.136719,1567636
28-12-2020,3388,3422,3374,3414.699951,2991.131104,536954
29-12-2020,3433,3459.899902,3420.050049,3431.550049,3005.891357,682613
30-12-2020,3437.199951,3472.850098,3405.25,3448.149902,3020.431641,639180
31-12-2020,3464.949951,3464.949951,3426.850098,3444.050049,3016.840576,410959
01-01-2021,3446,3494,3446,3481.25,3049.42627,421643
04-01-2021,3490,3528,3465,3522.449951,3085.515625,647829
05-01-2021,3500.25,3505,3475,3492.649902,3059.411865,561562
06-01-2021,3492.649902,3527,3435.899902,3462.699951,3033.177246,591620
07-01-2021,3500,3507.350098,3428.25,3437.949951,3011.497314,531361
08-01-2021,3469,3544.600098,3438.050049,3529.149902,3091.384521,675643
11-01-2021,3531,3634.550049,3521,3617.350098,3168.644043,788461
12-01-2021,3611.949951,3642.800049,3558.100098,3624.25,3174.688232,863270
13-01-2021,3624.25,3633,3577,3600.899902,3154.234375,515154
14-01-2021,3600,3658.649902,3545,3576.050049,3132.467041,743848
15-01-2021,3588,3623,3541,3580.300049,3136.189697,684649
18-01-2021,3552,3618.050049,3505,3563.75,3121.692383,602004
19-01-2021,3565.75,3664,3561.100098,3641,3189.360352,586410
20-01-2021,3640,3692.800049,3629.350098,3643.949951,3191.944336,549040
21-01-2021,3672,3807,3655.199951,3703.300049,3243.932373,1533886
22-01-2021,3749.949951,4130,3740.050049,4089.5,3582.227051,8537143
25-01-2021,4150,4210,4060,4168.950195,3651.822266,2368224
27-01-2021,4133.399902,4236.649902,4108.100098,4146.350098,3632.025391,2062088
28-01-2021,4080,4190,4076.600098,4135.799805,3622.783691,1262871
29-01-2021,4168,4205.350098,3990,4005.800049,3508.909668,1406268
01-02-2021,4064,4141,3975.050049,4114.700195,3604.30127,745011
02-02-2021,4155.799805,4271.149902,4117.25,4201.450195,3680.290771,1167922
03-02-2021,4205,4259.149902,4160.100098,4236.350098,3710.861328,681937
04-02-2021,4236.350098,4361.399902,4200,4223.5,3699.605469,1163598
05-02-2021,4260,4272.799805,4161,4231.25,3706.394287,729191
08-02-2021,4231.450195,4258.5,4195,4237.450195,3711.825195,616236
09-02-2021,4228.399902,4238,4145,4154.899902,3639.514648,721336
10-02-2021,4160,4215,4100.100098,4151.549805,3636.580078,989105
11-02-2021,4155,4202.399902,4126.450195,4181.899902,3663.165527,546983
12-02-2021,4179,4195.799805,4117,4136.049805,3623.002686,360063
15-02-2021,4152.200195,4194.649902,4111.649902,4122.299805,3610.958496,287922
16-02-2021,4130,4177.600098,4124,4132.850098,3620.199951,318280
17-02-2021,4117,4205,4111,4165.700195,3648.975342,554383
18-02-2021,4200,4200,4102.100098,4115.450195,3604.958252,440460
19-02-2021,4106,4106.700195,3977.199951,4001.100098,3504.792725,762200
22-02-2021,4010,4040,3926.850098,3971.550049,3478.907959,762310
23-02-2021,3952,3998.699951,3890.199951,3912.25,3426.963623,802871
24-02-2021,3927,3950,3855.350098,3931.850098,3444.132324,399843
25-02-2021,3936,3980,3910.050049,3944.800049,3455.476318,632973
26-02-2021,3910.5,3943.100098,3773.050049,3798.699951,3327.499023,732210
01-03-2021,3798.699951,3858.800049,3751,3814.050049,3340.944824,724589
02-03-2021,3822,3962.149902,3781.5,3944.050049,3454.819336,735847
03-03-2021,3985,3985,3863.600098,3901.100098,3417.197021,615104
04-03-2021,3875,3927.600098,3841,3879.050049,3397.881836,611769
05-03-2021,3852.100098,3913.25,3821.75,3852.850098,3374.932129,719936
08-03-2021,3848,3848,3770,3798.75,3327.542725,818275
09-03-2021,3802.199951,3829.699951,3776,3798.75,3327.542725,526071
10-03-2021,3820,3879,3802,3867.550049,3387.808594,545219
12-03-2021,3878,3878,3734.800049,3746.399902,3281.686035,1119478
15-03-2021,3775,3775,3621.050049,3664.649902,3210.07666,1024257
16-03-2021,3673.149902,3690,3635,3654.449951,3201.141602,858553
17-03-2021,3650,3678,3555.800049,3569.600098,3126.817139,773240
18-03-2021,3598,3692.949951,3565,3664.5,3209.945313,1285600
19-03-2021,3653.949951,3673,3570.199951,3650.050049,3197.287842,1132705
22-03-2021,3650.199951,3685,3634.300049,3664.75,3210.164307,502724
23-03-2021,3665.550049,3709.949951,3641.25,3678.350098,3222.077637,581531
24-03-2021,3661,3698,3590.949951,3603.550049,3156.555664,507559
25-03-2021,3615,3615,3497,3501.600098,3067.251953,808505
26-03-2021,3517.100098,3619.25,3517.100098,3600.050049,3153.489746,691000
30-03-2021,3604.25,3674.75,3581.350098,3666.699951,3211.872314,749230
31-03-2021,3650,3683.600098,3612.050049,3670.600098,3215.288574,694645
01-04-2021,3704,3764.300049,3690.199951,3743.050049,3278.751953,861229
05-04-2021,3700.050049,3740,3576.050049,3598.5,3152.13208,723573
06-04-2021,3639.949951,3640,3602.25,3615.5,3167.023438,501882
07-04-2021,3605,3693.449951,3596.25,3680.199951,3223.697754,346982
08-04-2021,3698.949951,3698.949951,3645,3649.800049,3197.068848,414020
09-04-2021,3640,3694,3625,3651.300049,3198.382568,484807
12-04-2021,3579.5,3599,3480.050049,3541,3101.764648,724230
13-04-2021,3569,3623.699951,3515.199951,3602.449951,3155.592285,412122
15-04-2021,3602.449951,3655.550049,3526.100098,3597.5,3151.256104,614450
16-04-2021,3580,3657.5,3569.949951,3634.649902,3183.797852,526787
19-04-2021,3525.199951,3562,3447,3515.550049,3079.47168,601819
20-04-2021,3585.350098,3624.300049,3555.100098,3600.899902,3154.234375,676558
22-04-2021,3594.800049,3694,3573,3681.399902,3224.749023,1005711
23-04-2021,3680,3709.600098,3640,3672.5,3216.952881,631762
26-04-2021,3682.199951,3749,3676,3738.850098,3275.072754,480016
27-04-2021,3738.850098,3798,3727.199951,3785.5,3315.936279,518487
28-04-2021,3810.050049,3954,3807,3889.75,3407.254639,1252958
29-04-2021,3943,3954.300049,3807.100098,3836.449951,3360.566162,1335444
30-04-2021,3805,3966.350098,3800,3833.75,3358.201172,1340273
03-05-2021,3815,3906.800049,3785,3851.850098,3374.056152,796444
04-05-2021,3877,3888,3815.050049,3830.350098,3355.223145,408324
05-05-2021,3842.199951,3852.600098,3784.100098,3843.800049,3367.004639,371452
06-05-2021,3852,3970,3852,3941.199951,3452.32251,938078
07-05-2021,3954.5,3967.800049,3853.949951,3866.75,3387.107666,486456
10-05-2021,3900,3903.850098,3844.5,3868.649902,3388.771729,306598
11-05-2021,3860,3894.699951,3811.25,3879.300049,3398.101074,453808
12-05-2021,3866,3900,3847.199951,3875.25,3394.552979,499840
14-05-2021,3880.300049,3894.149902,3814,3848.800049,3371.384277,481619
17-05-2021,3845,3924.399902,3833.199951,3864.399902,3385.049072,427552
18-05-2021,3898.699951,4078,3867.399902,4067.199951,3562.693115,1371585
19-05-2021,4075,4112,4047.800049,4095.949951,3587.876953,788882
20-05-2021,4095.949951,4129,4062.100098,4071.199951,3566.197021,465579
21-05-2021,4082.199951,4132,4055.100098,4125.549805,3613.80542,378016
24-05-2021,4125,4184.850098,4107.399902,4142.299805,3628.477539,500267
25-05-2021,4165.549805,4187,4141,4150.100098,3635.310547,297915
26-05-2021,4150.100098,4180,4142,4166.299805,3649.500732,261524
27-05-2021,4170,4274,4152.75,4246.100098,3719.4021,878610
28-05-2021,4240.200195,4256,4187.649902,4199.5,3678.582275,285520
31-05-2021,4190,4228.700195,4167,4192.799805,3672.713379,321021
01-06-2021,4204.899902,4347,4204.899902,4238.950195,3713.13916,1248169
02-06-2021,4227.899902,4305.899902,4200,4295.049805,3762.279785,351583
03-06-2021,4294.299805,4300,4242,4273.350098,3743.271973,323999
04-06-2021,4264.399902,4295.450195,4240,4250.049805,3722.862061,374317
07-06-2021,4258.549805,4284.899902,4240,4249.75,3722.599365,159646
08-06-2021,4250,4275,4234,4269.899902,3740.249756,150816
09-06-2021,4268,4272.5,4201,4224.5,3700.481201,262617
10-06-2021,4229,4233.5,4166,4179.899902,3661.41333,332571
11-06-2021,4185,4216.850098,4162,4172.5,3654.931641,188155
14-06-2021,4173,4195.5,4127.149902,4146.5,3632.156738,200657
15-06-2021,4155,4171.799805,4131.100098,4138.100098,3624.798828,138010
16-06-2021,4138.100098,4158.049805,4102,4110.450195,3600.578613,216236
17-06-2021,4120,4120,4042.050049,4053.899902,3551.042969,357704
18-06-2021,4055,4193.350098,4030,4167.100098,3650.20166,701993
21-06-2021,4153,4196,4106.450195,4182.649902,3663.822266,374649
22-06-2021,4183.299805,4230.600098,4155.299805,4221.600098,3697.941162,591793
23-06-2021,4230,4259.649902,4191.25,4198.600098,3677.794189,418053
24-06-2021,4190,4236.200195,4156.75,4226.899902,3702.58374,314542
25-06-2021,4220,4249,4178,4196.149902,3675.647949,175051
28-06-2021,4196.149902,4205.25,4166,4183.450195,3664.523438,158954
29-06-2021,4185,4188.850098,4117,4124.649902,3613.016846,332405
30-06-2021,4130,4164,4119.799805,4133.850098,3621.075928,331122
01-07-2021,4141,4250,4141,4204.549805,3683.005859,755502
02-07-2021,4229.5,4229.5,4171,4175.350098,3657.428223,375525
05-07-2021,4191.600098,4249.899902,4186.850098,4201.5,3680.334473,375703
06-07-2021,4203.5,4249,4172,4195.399902,3674.990967,515181
07-07-2021,4200,4224,4170,4188.25,3668.727783,392794
08-07-2021,4068.699951,4118.399902,4030.550049,4077.300049,3695.054443,625491
09-07-2021,4077,4079.949951,3990,3995.899902,3621.285645,656635
12-07-2021,4018,4030,3946.899902,3956.149902,3585.262207,512870
13-07-2021,3985,4019.699951,3954.550049,3966.100098,3594.279297,614101
14-07-2021,3969,4003.100098,3940,3953.850098,3583.177734,527932
15-07-2021,3954,3969.949951,3930.300049,3940,3570.626221,310788
16-07-2021,3958,3960.600098,3925,3931.949951,3563.330811,323569
19-07-2021,3922,3939,3875,3882.850098,3518.834229,408067
20-07-2021,3887.899902,3932.449951,3881.899902,3905.399902,3539.269775,467908
22-07-2021,3920,4013.649902,3781.600098,3853.199951,3491.963623,1707977
23-07-2021,3873,3925,3825.050049,3841.899902,3481.723145,709478
26-07-2021,3852,3871.300049,3830,3836.350098,3476.693604,408134
27-07-2021,3850,3859,3812,3821.399902,3463.14502,391373
28-07-2021,3834,3841.449951,3781,3818.5,3460.516846,235770
29-07-2021,3827.800049,3827.800049,3750,3763.75,3410.899658,355185
30-07-2021,3776,3858,3753.149902,3829.600098,3470.576416,511767
02-08-2021,3874,3880,3813.199951,3841.550049,3481.405762,351187
03-08-2021,3830,3838,3805.649902,3828.199951,3469.307373,408981
04-08-2021,3835,3864.850098,3816,3832,3472.750977,363955
05-08-2021,3842,3858,3813.600098,3818.75,3460.743408,333818
06-08-2021,3833,3872.350098,3797.25,3847.850098,3487.115234,504011
09-08-2021,3858.149902,3898.899902,3837.050049,3855.149902,3493.730957,396098
10-08-2021,3857,3861.75,3785.100098,3797.949951,3441.893311,253258
11-08-2021,3800,3806.25,3695.199951,3727.149902,3377.730713,497724
12-08-2021,3746.800049,3777,3736,3769.350098,3415.974609,316454
13-08-2021,3780,3860,3760,3825.75,3467.087158,581862
16-08-2021,3826,3829,3744,3748.449951,3397.033691,294567
17-08-2021,3749,3819.5,3741.550049,3807.449951,3450.502441,319770
18-08-2021,3810,3856.050049,3775,3833.050049,3473.702881,493285
20-08-2021,3780,3825,3725.800049,3751.5,3399.798096,301943
23-08-2021,3787.899902,3787.899902,3647.149902,3668.25,3324.352783,455643
24-08-2021,3690,3722,3653.699951,3714.75,3366.493408,276602
25-08-2021,3731.449951,3759.949951,3680,3689.649902,3343.746338,398715
26-08-2021,3689.649902,3719.649902,3670,3691.399902,3345.332275,283891
27-08-2021,3707.399902,3749.899902,3679,3699.449951,3352.627686,274822
30-08-2021,3717.899902,3756.600098,3705,3720.399902,3371.613525,561903
31-08-2021,3732.949951,3739,3705.600098,3727.850098,3378.365234,693952
01-09-2021,3754,3810,3730.100098,3758.300049,3405.960693,585605
02-09-2021,3789,3789,3717,3720.949951,3372.112061,474397
03-09-2021,3726,3809.5,3725,3757.5,3405.235352,740269
06-09-2021,3784.449951,3829,3770,3781.100098,3426.623047,779715
07-09-2021,3796.800049,3800.649902,3762.149902,3770.699951,3417.197998,450262
08-09-2021,3769.75,3769.75,3718,3725.350098,3376.099609,396710
09-09-2021,3724.899902,3728.949951,3695,3700.600098,3353.669922,479537
13-09-2021,3699,3720,3680,3699.550049,3352.718262,342427
14-09-2021,3717.399902,3767,3690,3751.050049,3399.390381,741880
15-09-2021,3762.600098,3801.600098,3758.050049,3779.100098,3424.810547,510406
16-09-2021,3798,3834,3780.050049,3813.5,3455.985352,558125
17-09-2021,3840,3879.399902,3810.449951,3822.199951,3463.869873,1304667
20-09-2021,3813.399902,3813.399902,3735,3776.050049,3422.046387,399648
21-09-2021,3777,3793.850098,3696,3728.800049,3379.226318,354217
22-09-2021,3732,3770,3722.050049,3757.149902,3404.918213,245919
23-09-2021,3757.149902,3820,3757.149902,3799.199951,3443.026123,228970
24-09-2021,3800,3849.100098,3787.050049,3809.800049,3452.632568,363519
27-09-2021,3831,3924.800049,3822.800049,3913.399902,3546.519775,962801
28-09-2021,3929,3944.800049,3875.399902,3908.699951,3542.260498,478682
29-09-2021,3900,3935.899902,3850,3899.25,3533.696533,379896
30-09-2021,3892.25,3896.399902,3812,3832.649902,3473.340332,576711
01-10-2021,3820,3880.75,3802.649902,3852.600098,3491.420166,407091
04-10-2021,3856.449951,3884.600098,3821.25,3825.949951,3467.268311,237249
05-10-2021,3824.449951,3873.899902,3820,3864,3501.751465,287612
06-10-2021,3876,3884,3760,3770.050049,3416.608887,383507
07-10-2021,3815,3868.649902,3785,3828.550049,3469.624756,343916
08-10-2021,3843.550049,3878.550049,3806.100098,3815.550049,3457.843262,215542
11-10-2021,3845,3879.899902,3830.350098,3852.100098,3490.967041,239321
12-10-2021,3860,3994.5,3858,3978.75,3605.743408,1353877
13-10-2021,3994.949951,4050,3956.600098,3967.649902,3595.683838,648769
14-10-2021,3970,4009.050049,3954.199951,3965.899902,3594.0979,272066
18-10-2021,3861,3969.699951,3861,3915.949951,3548.830811,463126
19-10-2021,3930.199951,3955,3892.25,3911.550049,3544.843506,275481
20-10-2021,3903.75,3909.899902,3828,3848.649902,3487.840088,321450
21-10-2021,3870,3875.149902,3769.5,3804,3447.376221,373336
22-10-2021,3839.449951,3910,3813.050049,3866.5,3504.016846,408499
25-10-2021,3854,3884.75,3735,3763.75,3410.899658,306195
26-10-2021,3779.850098,3811.800049,3762.25,3791.75,3436.274414,170050
27-10-2021,3795,3815,3760,3776.5,3422.454102,251226
28-10-2021,3854.949951,3860,3688.850098,3700.699951,3353.760498,706705
29-10-2021,3720,3754.850098,3665,3707.25,3359.696533,316325
01-11-2021,3721.800049,3750,3681.600098,3726.149902,3376.824463,228051
02-11-2021,3735,3790,3727.050049,3741.850098,3391.052734,250053
03-11-2021,3726.199951,3763.949951,3689.050049,3698.399902,3351.676025,261709
04-11-2021,3718.5,3764.899902,3718.5,3759.350098,3406.912109,65679
08-11-2021,3791,3800,3743.600098,3777.300049,3423.179199,261609
09-11-2021,3780,3845,3772,3794.449951,3438.721436,521920
10-11-2021,3790,3801.600098,3744,3771.699951,3418.104248,373526
11-11-2021,3774.5,3781.850098,3726,3749.949951,3398.393311,446382
12-11-2021,3782,3782,3615.699951,3635.050049,3294.265381,745428
15-11-2021,3651,3673.899902,3580.050049,3601.149902,3263.543213,551238
16-11-2021,3612.899902,3651.800049,3583.100098,3608.699951,3270.385498,473529
17-11-2021,3610,3644,3576.399902,3583.800049,3247.820068,348752
18-11-2021,3590.5,3594.899902,3525,3547.550049,3214.968262,384426
22-11-2021,3570,3570,3426,3444.199951,3121.307373,422572
23-11-2021,3440,3448.5,3376.050049,3434.850098,3112.833984,713102
24-11-2021,3459,3459,3385.649902,3407.100098,3087.685547,287005
25-11-2021,3402,3413.899902,3377.050049,3391.699951,3073.729004,264226
26-11-2021,3370,3383.5,3320,3334.600098,3021.982422,341506
29-11-2021,3321,3354.350098,3246.199951,3298.199951,2988.994629,403739
30-11-2021,3296,3322.949951,3223.050049,3240.300049,2936.522949,682518
01-12-2021,3280,3294.199951,3227.300049,3249.550049,2944.905762,551434
02-12-2021,3259.949951,3337.350098,3236.5,3328.399902,3016.363525,502905
03-12-2021,3335,3343.149902,3280.600098,3287.850098,2979.61499,315536
06-12-2021,3297.800049,3300,3242.699951,3249.75,2945.086914,251407
07-12-2021,3284.949951,3317,3261,3286.449951,2978.346436,286908
08-12-2021,3302.850098,3337.949951,3297,3332.050049,3019.671631,334037
09-12-2021,3350,3350,3306,3341,3027.782227,237723
10-12-2021,3320.199951,3364.199951,3320,3344.75,3031.180664,220039
13-12-2021,3367,3372.449951,3295,3305.449951,2995.564941,214515
14-12-2021,3300,3305,3268,3291.649902,2983.058838,181626
15-12-2021,3289.649902,3329.850098,3275,3294.5,2985.641846,295667
16-12-2021,3327.75,3327.75,3227.350098,3253.149902,2948.167969,324140
17-12-2021,3248.050049,3261.800049,3149.100098,3179.149902,2881.105713,3170631
20-12-2021,3149.899902,3171.100098,3027.050049,3105.199951,2814.088379,595625
21-12-2021,3112,3160.050049,3092,3130.800049,2837.288574,326850
22-12-2021,3132,3173.550049,3126,3135.850098,2841.865234,294578
23-12-2021,3150,3190.949951,3138,3174.100098,2876.529297,224147
24-12-2021,3181.300049,3195,3135,3152.050049,2856.546387,123753
27-12-2021,3145,3174.149902,3122,3154.100098,2858.404053,94069
28-12-2021,3161.199951,3187.550049,3150,3176.050049,2878.296631,214640
29-12-2021,3188.75,3269,3152.050049,3262.5,2956.641602,563709
30-12-2021,3278,3279.149902,3187,3200.800049,2900.726074,594987
31-12-2021,3230,3264.699951,3217,3249.25,2944.633789,248103
03-01-2022,3258.699951,3292.600098,3251.5,3277.100098,2969.873047,266680
04-01-2022,3284,3316,3270.649902,3289.149902,2980.792969,244503
05-01-2022,3289.149902,3365,3281,3358.550049,3043.687012,312215
06-01-2022,3344.800049,3429,3333,3418.199951,3097.744629,410181
07-01-2022,3437.5,3437.5,3377,3392.5,3074.454346,263996
10-01-2022,3414.800049,3451.25,3404.449951,3435.100098,3113.060547,318473
11-01-2022,3413,3445.949951,3413,3436.75,3114.555664,225782
12-01-2022,3446.100098,3452,3414.25,3440.100098,3117.591797,198452
13-01-2022,3445.899902,3474.300049,3430,3451,3127.469971,291271
14-01-2022,3451,3462.199951,3425,3432.800049,3110.976074,127752
17-01-2022,3450,3527,3434.050049,3489.75,3162.586914,646271
18-01-2022,3488.949951,3497.199951,3392.600098,3400.949951,3082.112061,656590
19-01-2022,3400.949951,3462.300049,3383.050049,3436.800049,3114.601074,694189
20-01-2022,3398.899902,3448,3295,3308.75,2998.555664,874508
21-01-2022,3308.75,3473.949951,3270,3419.800049,3099.194824,1609260
24-01-2022,3421,3454.199951,3350,3382.300049,3065.210449,788137
25-01-2022,3359,3490,3328.75,3469.100098,3143.873047,571406
27-01-2022,3445,3536.800049,3394.199951,3501.100098,3172.873291,664333
28-01-2022,3505,3562.300049,3485.100098,3497.199951,3169.338623,575466
31-01-2022,3520,3585.649902,3487,3564.649902,3230.465088,470500
01-02-2022,3577,3592.350098,3511.550049,3534.449951,3203.096436,487464
02-02-2022,3540,3585,3521.449951,3535,3203.594727,212256
03-02-2022,3550,3650.949951,3521,3621.100098,3281.623047,760774
04-02-2022,3621.100098,3621.100098,3550,3565.350098,3231.099609,296588
07-02-2022,3570,3570,3468,3476,3150.125977,286849
08-02-2022,3476.100098,3512.949951,3445.899902,3458.649902,3134.402588,397493
09-02-2022,3452,3570,3452,3563.550049,3229.468262,352729
10-02-2022,3563.350098,3581.550049,3545.649902,3569.350098,3234.724609,239918
11-02-2022,3530,3575,3508,3566.649902,3232.277344,339577
14-02-2022,3465,3538,3461.350098,3487.949951,3160.955811,282645
15-02-2022,3490,3601,3473.75,3589.199951,3252.713623,357052
16-02-2022,3599,3640,3571.100098,3586.899902,3250.62915,244587
17-02-2022,3590.100098,3660,3590.100098,3597.300049,3260.054199,513917
18-02-2022,3597,3642.5,3563.600098,3632.149902,3291.636963,277299
21-02-2022,3624.149902,3637.949951,3567.350098,3579.5,3243.922852,344326
22-02-2022,3520,3615,3515,3600.699951,3263.135498,432562
23-02-2022,3615.100098,3639.899902,3570,3580.300049,3244.647949,209392
24-02-2022,3485.5,3559.300049,3435,3478.899902,3152.75415,628362
25-02-2022,3490.100098,3560,3490.100098,3508.399902,3179.488281,327777
28-02-2022,3497.699951,3561,3448.050049,3530.350098,3199.380859,387040
02-03-2022,3498.300049,3498.300049,3333,3372.300049,3056.148193,982580
03-03-2022,3399,3404.800049,3279,3297.100098,2987.998047,536758
04-03-2022,3251,3285.949951,3151,3242.100098,2938.154297,509620
07-03-2022,3185,3279,3125,3234.649902,2931.402344,335205
08-03-2022,3229,3354.449951,3175.699951,3317.100098,3006.123047,557492
09-03-2022,3320,3360,3293,3339,3025.969727,508262
10-03-2022,3399,3440,3385.399902,3422.350098,3101.505859,350154
11-03-2022,3400,3445.5,3386.449951,3423,3102.094727,156038
14-03-2022,3402,3464.949951,3368,3452.550049,3128.874512,245299
15-03-2022,3441,3494,3426.350098,3454.050049,3130.234131,229544
16-03-2022,3490.050049,3592.199951,3481,3569.800049,3235.132324,262987
17-03-2022,3580,3664.850098,3575.649902,3650.449951,3308.221191,429272
21-03-2022,3650.449951,3718,3580.25,3589.050049,3252.577637,432309
22-03-2022,3580,3662,3564.5,3656.449951,3313.658936,213667
23-03-2022,3664.949951,3683.350098,3590,3601.5,3263.860352,281347
24-03-2022,3590.300049,3637.899902,3569.699951,3583.899902,3247.910645,385957
25-03-2022,3592,3659.149902,3592,3654.350098,3311.755859,492945
28-03-2022,3654.350098,3737,3645.050049,3687.75,3342.024658,688267
29-03-2022,3697.800049,3735,3660.850098,3689.100098,3343.248047,376929
30-03-2022,3729.649902,3729.649902,3665.25,3674.100098,3329.654541,343930
31-03-2022,3680,3715.149902,3636.100098,3653,3310.532227,511249
01-04-2022,3636,3746,3636,3739.899902,3389.285645,391985
04-04-2022,3750,3772,3716.399902,3763.649902,3410.808838,419517
05-04-2022,3765,3819.949951,3765,3809.699951,3452.541748,339228
06-04-2022,3801,3810,3741.600098,3801.800049,3445.382568,240470
07-04-2022,3801.850098,3819.600098,3771.050049,3802.25,3445.790283,224527
08-04-2022,3812.300049,3836,3767,3810.350098,3453.130859,229962
11-04-2022,3820,3825,3768.149902,3787.149902,3432.105713,135225
12-04-2022,3768.5,3776.699951,3676.050049,3712.050049,3364.046631,266145
13-04-2022,3712.050049,3747.5,3669.100098,3697.300049,3350.679199,198206
18-04-2022,3690,3758.25,3645.25,3714.600098,3366.357666,373718
19-04-2022,3740,3774.600098,3618.350098,3657.149902,3314.293213,211918
20-04-2022,3666,3734.949951,3652.300049,3720.75,3371.930908,174080
21-04-2022,3705,3739.5,3680.100098,3702.350098,3355.255859,216475
22-04-2022,3670,3694.75,3622.850098,3642.5,3301.016602,228316
25-04-2022,3602,3724.75,3600,3682.949951,3337.674561,444222
26-04-2022,3704.949951,3905,3704.949951,3892.100098,3527.217041,1107122
27-04-2022,3870,3919,3846,3905.649902,3539.496338,541564
28-04-2022,4000,4000,3805,3834.399902,3474.926025,1628318
29-04-2022,3805,3840,3711.350098,3729.550049,3379.905762,594650
02-05-2022,3720,3720,3606,3623.449951,3283.752686,376660
04-05-2022,3625,3683,3485.399902,3496.899902,3169.06665,575428
05-05-2022,3538.800049,3595,3510.399902,3523.899902,3193.5354,323081
06-05-2022,3488.300049,3555,3460,3499.75,3171.649658,436366
09-05-2022,3490,3584.699951,3480,3568.75,3234.180908,502719
10-05-2022,3564.949951,3646.699951,3540,3593.050049,3256.202881,507087
11-05-2022,3600,3627.949951,3537.300049,3612.850098,3274.146484,437746
12-05-2022,3585,3654,3539.199951,3585,3248.907471,777332
13-05-2022,3618.050049,3736,3618.050049,3642.100098,3300.654297,633218
16-05-2022,3650,3725,3650,3715.850098,3367.490479,401803
17-05-2022,3725.100098,3787,3725.100098,3742.899902,3392.004395,402398
18-05-2022,3743,3829.5,3736.199951,3791.199951,3435.776123,507061
19-05-2022,3691.899902,3778,3680.050049,3698.550049,3351.812012,261026
20-05-2022,3760,3849,3735,3787.800049,3432.695068,396832
23-05-2022,3836,3874.5,3770,3786.149902,3431.199463,339483
24-05-2022,3817.399902,3842,3771.050049,3783.300049,3428.616943,369304
25-05-2022,3814.550049,3819,3742.25,3791.800049,3436.320068,225253
26-05-2022,3801.100098,3870,3754.050049,3857.350098,3495.724854,419826
27-05-2022,3875,3890,3823.050049,3833.050049,3473.702881,422591
30-05-2022,3860,3903.149902,3843.050049,3856.699951,3495.135498,271827
31-05-2022,3876,3958,3839,3864.100098,3501.842041,1154256
01-06-2022,3877.199951,3904,3707.300049,3720.100098,3371.341797,784215
02-06-2022,3720.100098,3749.899902,3666.350098,3688.699951,3342.885254,346754
03-06-2022,3719,3733.899902,3650,3672.699951,3328.385254,409815
06-06-2022,3660,3869.75,3650.5,3817,3459.157471,1136609
07-06-2022,3765,3853.649902,3765,3834.100098,3474.654541,561644
08-06-2022,3833.5,3850,3768.050049,3794.149902,3438.449463,346603
09-06-2022,3794.149902,3895,3779.399902,3878.649902,3515.027588,627869
10-06-2022,3956.300049,3971,3850,3881,3517.157471,1412838
13-06-2022,3825,3895.050049,3794.449951,3881.25,3517.384033,519745
14-06-2022,3885,3915.75,3602.949951,3681.75,3336.587158,1733394
15-06-2022,3700,3742.649902,3645,3698.100098,3351.404297,753821
16-06-2022,3736.800049,3736.800049,3633,3658.199951,3315.244629,438590
17-06-2022,3670,3713.949951,3615.600098,3628.949951,3288.736816,727356
20-06-2022,3620.25,3638.800049,3574.800049,3615.949951,3276.955811,268242
21-06-2022,3631,3675,3616.050049,3645.25,3303.508789,424763
22-06-2022,3645,3721.5,3614.149902,3635.649902,3294.808838,585483
23-06-2022,3680.100098,3796,3665.25,3784.800049,3429.976074,1186420
24-06-2022,3800.800049,3841.350098,3781.949951,3813.350098,3455.849609,558798
27-06-2022,3870,3958.449951,3817,3861.199951,3499.213867,1819576
28-06-2022,3839.949951,3907.199951,3783.050049,3889,3524.407715,799053
29-06-2022,3880,3900,3856.050049,3867.550049,3504.968506,524392
30-06-2022,3750,3768.350098,3692,3706.600098,3485.269287,715926
01-07-2022,3667.949951,3678.699951,3601.100098,3624.600098,3408.165771,756589
04-07-2022,3644.399902,3695.149902,3608,3679.75,3460.022461,536505
05-07-2022,3700,3700,3663,3682.75,3462.843506,294980
06-07-2022,3682,3777.300049,3675.149902,3773.050049,3547.751465,333226
07-07-2022,3786.300049,3836.100098,3785,3795.5,3568.86084,534547
08-07-2022,3830,3830,3792.699951,3825,3596.599365,326804
11-07-2022,3820,3858,3795,3848.550049,3618.743164,372417
12-07-2022,3853,3863,3832.050049,3847.850098,3618.085205,244636
13-07-2022,3858,3878.949951,3848,3860.75,3630.2146,308508
14-07-2022,3858.899902,3885.949951,3841,3863.199951,3632.518311,377688
15-07-2022,3863,3919,3861,3913.350098,3679.673828,281730
18-07-2022,3930,3990,3925.100098,3984.050049,3746.1521,513318
19-07-2022,3977.050049,4036,3966,4002,3763.030273,512451
20-07-2022,4018,4055,3999,4002.050049,3763.077393,377717
21-07-2022,4004.649902,4070.600098,3993.449951,4057.050049,3814.793213,371547
22-07-2022,4065,4091,4045.25,4054.5,3812.395264,280291
25-07-2022,4054.5,4073.949951,3998.300049,4021.149902,3781.036621,372987
26-07-2022,4014,4030,3917,3925.600098,3691.192383,882407
27-07-2022,3933,3960,3845.149902,3883.850098,3651.935303,514997
28-07-2022,3884,3913.699951,3847,3858.25,3627.86377,423758
29-07-2022,3899,3952.25,3878,3914.449951,3680.708008,412805
01-08-2022,3919.949951,3988.25,3915,3973.300049,3736.043945,459482
02-08-2022,3973.300049,4005,3941.350098,3996.199951,3757.57666,398168
03-08-2022,3999,4010,3963.050049,4003.449951,3764.393555,312355
04-08-2022,4011,4035,3976,4011.699951,3772.151123,310996
05-08-2022,4025,4038.25,3993.050049,4013.100098,3773.467529,287542
08-08-2022,4013,4039.899902,4000,4022.649902,3782.447021,238574
10-08-2022,4014,4066,4014,4034.850098,3793.918701,218912
11-08-2022,4050.100098,4058.25,4022.350098,4033.5,3792.649414,277432
12-08-2022,4033.5,4060,4013.75,4038,3796.880615,217139
16-08-2022,4038,4100,4038,4091.149902,3846.856689,302627
17-08-2022,4095.100098,4120.450195,4060,4067.899902,3824.995117,313179
18-08-2022,4079,4079,4040.5,4060.649902,3818.178223,451908
19-08-2022,4052,4088.449951,4050,4074.550049,3831.248291,223883
22-08-2022,4030,4073.399902,4008.800049,4041.600098,3800.265625,388178
23-08-2022,4025,4072.850098,4016.050049,4064.449951,3821.751221,172256
24-08-2022,4050.449951,4083.949951,4050.449951,4065.75,3822.973389,245586
25-08-2022,4073,4095.649902,4051.100098,4062.949951,3820.34082,374693
26-08-2022,4075,4124.350098,4041.449951,4054.399902,3812.30127,453561
29-08-2022,4024.949951,4050,3985.5,4030.050049,3789.405273,608621
30-08-2022,4050.25,4128.950195,4011.550049,4084.850098,3840.93335,740581
01-09-2022,4010,4131.75,4010,4076.300049,3832.893555,510034
02-09-2022,4080,4102.799805,4025.399902,4030.899902,3790.20459,556543
05-09-2022,4050,4055.850098,3944.300049,3956.649902,3720.388184,799837
06-09-2022,3962,3990,3919.5,3929.399902,3694.765137,508096
07-09-2022,3915,3937.5,3811.199951,3845.649902,3616.016357,724097
08-09-2022,3864.899902,3879.949951,3840,3846.600098,3616.909668,493973
09-09-2022,3865.850098,3880,3835,3848.600098,3618.790283,485613
12-09-2022,3840,3889.800049,3825,3870.300049,3639.194336,369281
13-09-2022,3865,3890,3855,3866.5,3635.621338,507487
14-09-2022,3815,3918.949951,3811.600098,3850.25,3620.341797,576311
15-09-2022,3865,3884.600098,3751.350098,3768,3543.00293,351737
16-09-2022,3800,3800,3676.100098,3689.550049,3469.237305,579176
19-09-2022,3700,3731.850098,3661.100098,3708.25,3486.820801,454942
20-09-2022,3726.800049,3807.899902,3725,3768.600098,3543.567139,268923
21-09-2022,3773.850098,3807.449951,3724,3730.600098,3507.836426,197924
22-09-2022,3720,3760,3700,3728.899902,3506.237549,149651
23-09-2022,3730,3770,3683,3698.899902,3478.029053,158122
26-09-2022,3668.899902,3686.75,3566,3574.5,3361.057373,517637
27-09-2022,3590,3594.949951,3510.100098,3541.899902,3330.404053,344198
28-09-2022,3525,3573.899902,3505,3545.899902,3334.165039,181128
29-09-2022,3563,3563.850098,3465.050049,3476.699951,3269.097168,350931
30-09-2022,3486.5,3553.949951,3461.25,3527.75,3317.099121,276996
03-10-2022,3527.75,3559.899902,3475,3515.350098,3305.439453,442640
04-10-2022,3550.5,3599.899902,3539.199951,3579.600098,3365.852783,317554
06-10-2022,3597.5,3617.149902,3570,3594.649902,3380.003906,353529
07-10-2022,3580.050049,3668.899902,3580,3603.550049,3388.372803,591544
10-10-2022,3557.350098,3624.899902,3529.050049,3616.949951,3400.972412,240975
11-10-2022,3635.050049,3635.050049,3519.600098,3528.75,3318.039063,258827
12-10-2022,3546.399902,3653,3515.850098,3624.5,3408.071777,496229
13-10-2022,3616.850098,3648.800049,3590,3604.800049,3389.548096,336605
14-10-2022,3659.949951,3663,3552.149902,3570.5,3357.296143,499983
17-10-2022,3580,3674.800049,3578,3629,3412.302979,921084
18-10-2022,3647.149902,3664.850098,3602.100098,3611.300049,3395.659912,496519
19-10-2022,3629.399902,3716.949951,3623.75,3655.850098,3437.549805,456361
20-10-2022,3629.350098,3703.899902,3586,3691.850098,3471.400146,310251
21-10-2022,3699,3720.350098,3641.75,3668.600098,3449.538574,207556
24-10-2022,3715,3720,3680,3699.800049,3478.875488,29986
25-10-2022,3699,3727,3644,3654.100098,3435.904297,351456
27-10-2022,3690.600098,3690.600098,3606.149902,3622.300049,3406.003174,333703
28-10-2022,3640.449951,3719,3631,3670.699951,3451.512939,500485
31-10-2022,3689.100098,3706.350098,3659.100098,3671.850098,3452.594482,314769
01-11-2022,3686.550049,3744.199951,3663,3732.699951,3509.810791,514106
02-11-2022,3746,3746,3693.600098,3736.800049,3513.666016,317571
03-11-2022,3754,3814,3731.050049,3773.5,3548.174561,637882
04-11-2022,3779.449951,3809.899902,3762.899902,3771.100098,3545.917969,230932
07-11-2022,3790,3818.649902,3758.5,3769.850098,3544.742676,272013
09-11-2022,3790,3794,3717.850098,3739.550049,3516.251953,249436
10-11-2022,3739.550049,3770,3717,3724.600098,3502.19458,291055
11-11-2022,3743.25,3783.949951,3708.5,3727.649902,3505.062256,268871
14-11-2022,3746.300049,3768,3710.449951,3726,3503.510742,200313
15-11-2022,3726.050049,3789,3726.050049,3764.149902,3539.382813,296104
16-11-2022,3757,3798.5,3739.649902,3747.449951,3523.680176,329588
17-11-2022,3749,3767.350098,3678.399902,3694.149902,3473.562744,185433
18-11-2022,3694.149902,3706.850098,3621,3632.949951,3416.017334,327528
21-11-2022,3615,3645.800049,3606.399902,3619.5,3403.370361,226673
22-11-2022,3636,3643,3585,3619.100098,3402.994141,322261
23-11-2022,3622.199951,3654.149902,3595,3607.850098,3392.416016,340707
24-11-2022,3617.199951,3629.649902,3598.449951,3620.149902,3403.981445,397640
25-11-2022,3632.25,3652.699951,3601,3640.25,3422.881348,224797
28-11-2022,3630.199951,3710,3630.199951,3676.699951,3457.154785,185431
29-11-2022,3680.350098,3697,3652,3660.100098,3441.545898,134922
30-11-2022,3674.949951,3772.899902,3671,3750.699951,3526.73584,1267676
01-12-2022,3744.050049,3744.050049,3594.350098,3707.600098,3486.209717,514227
02-12-2022,3707,3712.350098,3640.800049,3659.350098,3440.84082,349992
05-12-2022,3672,3672,3638,3659.899902,3441.35791,163476
06-12-2022,3652,3699.800049,3642.100098,3694.800049,3474.173828,251515
07-12-2022,3694.800049,3708.550049,3629.550049,3634.649902,3417.615479,167024
08-12-2022,3635.050049,3658.550049,3618,3636.149902,3419.025879,141912
09-12-2022,3650,3669.300049,3601,3616.949951,3400.972412,166035
12-12-2022,3616.949951,3624.600098,3573.550049,3596.75,3381.97876,171844
13-12-2022,3614.75,3642,3591.300049,3636.75,3419.590332,126272
14-12-2022,3650,3667.949951,3641,3652.050049,3433.976807,132320
15-12-2022,3635,3656,3610,3619.300049,3403.182373,161541
16-12-2022,3613.75,3627.899902,3539,3549.600098,3337.644287,228381
19-12-2022,3567.350098,3636.350098,3550,3629.75,3413.008301,238078
20-12-2022,3634,3634,3581.399902,3613.600098,3397.82251,152284
21-12-2022,3615,3657.149902,3592.600098,3611.050049,3395.424805,149348
22-12-2022,3629.149902,3647.899902,3581.550049,3600.850098,3385.834229,158182
23-12-2022,3580,3600,3533,3541.800049,3330.310059,122024
26-12-2022,3542,3574.800049,3524.050049,3552.199951,3340.089111,140091
27-12-2022,3555,3600,3550,3590.949951,3376.525146,115917
28-12-2022,3580,3604.949951,3550,3586.850098,3372.669922,229748
29-12-2022,3579,3600,3540,3568.800049,3355.697754,748244
30-12-2022,3580,3643.100098,3567.649902,3616.050049,3400.126221,287867
02-01-2023,3617,3620,3520.449951,3573.949951,3360.540283,471328
03-01-2023,3562.5,3620,3562.5,3601.699951,3386.633057,218996
04-01-2023,3588,3602.550049,3543.5,3552.850098,3340.700195,250071
05-01-2023,3568,3632.5,3558.350098,3621.149902,3404.921631,294998
06-01-2023,3618,3648,3598,3642.25,3424.761963,173591
09-01-2023,3660.5,3669,3606,3620.75,3404.545654,200031
10-01-2023,3630.600098,3636,3563.300049,3574.199951,3360.775391,247609
11-01-2023,3585,3589.949951,3531.050049,3538.050049,3326.783936,308958
12-01-2023,3538.050049,3580,3520.050049,3570.300049,3357.108154,182941
13-01-2023,3580,3617.850098,3555.149902,3605.300049,3390.018311,180876
16-01-2023,3609.949951,3620.949951,3560,3583.149902,3369.190674,226147
17-01-2023,3590,3612.699951,3568.149902,3606.949951,3391.56958,106465
18-01-2023,3625,3638.75,3579,3609.899902,3394.343506,306275
19-01-2023,3599.949951,3628.949951,3572,3575.949951,3362.420654,226186
20-01-2023,3583.050049,3586.600098,3551.25,3572.75,3359.411865,191361
23-01-2023,3583.5,3627,3571,3623.550049,3407.178467,173482
24-01-2023,3626,3696.100098,3611.449951,3686.5,3466.369629,212778
25-01-2023,3689,3740,3673.699951,3717.399902,3495.424316,375571
27-01-2023,3850,3995,3830,3936.75,3701.676514,2375899
30-01-2023,3940,3948.949951,3818.850098,3841.149902,3611.784912,654472
31-01-2023,3878,3878,3801,3818.25,3590.252441,359118
01-02-2023,3829.449951,3886.399902,3760.100098,3811.300049,3583.717529,328212
02-02-2023,3799,3859.100098,3740,3790.699951,3564.347412,309024
03-02-2023,3785,3858,3769.199951,3852.550049,3622.504395,242350
06-02-2023,3846.550049,3869.699951,3804.100098,3849.100098,3619.260254,205412
07-02-2023,3873,3895,3818.199951,3879.449951,3647.798096,246673
08-02-2023,3898.850098,3898.850098,3835.5,3880.300049,3648.597168,309039
09-02-2023,3879.899902,3890.5,3832.25,3845.75,3616.110107,249061
10-02-2023,3845,3848.949951,3800.100098,3831.649902,3602.852051,170034
13-02-2023,3850.850098,3912.600098,3824,3883.5,3651.606201,372862
14-02-2023,3894.949951,3906.949951,3862.550049,3876.100098,3644.648193,251160
15-02-2023,3866.600098,3911.899902,3850,3905.399902,3672.198242,214072
16-02-2023,3910,3930.949951,3892,3906.600098,3673.326904,166844
17-02-2023,3890,3920,3872,3894.300049,3661.761475,167844
20-02-2023,3894.949951,3934.949951,3893.350098,3903.800049,3670.694092,169828
21-02-2023,3927,3927,3824.699951,3837.100098,3607.977051,177954
22-02-2023,3837.100098,3890.25,3814.949951,3840.699951,3611.362061,477992
23-02-2023,3847.5,3872.75,3815.199951,3831.899902,3603.087158,299446
24-02-2023,3833.550049,3874.899902,3833.550049,3849.949951,3620.05957,263732
27-02-2023,3799.949951,3799.949951,3626.050049,3639.850098,3422.505371,822866
28-02-2023,3647,3743,3625.600098,3661.199951,3442.580322,723245
01-03-2023,3670,3748.350098,3636.899902,3731.649902,3508.823486,432887
02-03-2023,3731.050049,3757.350098,3680,3715.25,3493.402832,276614
03-03-2023,3720.050049,3748,3697.449951,3732,3509.152588,281411
06-03-2023,3721.699951,3774,3718.149902,3723.050049,3500.737305,186747
08-03-2023,3723.800049,3817.800049,3711.050049,3811.199951,3583.623535,478922
09-03-2023,3811.199951,3838.75,3801,3813.5,3585.786133,295897
10-03-2023,3830,3845.399902,3798,3821.899902,3593.684326,530973
13-03-2023,3822.949951,3838,3768.300049,3778.449951,3552.828857,247745
14-03-2023,3778.449951,3794.449951,3735.899902,3752.899902,3528.804443,278919
15-03-2023,3774.899902,3787.5,3720.550049,3730,3507.272217,317890
16-03-2023,3740.949951,3811,3740.949951,3800.199951,3573.280273,377544
17-03-2023,3817.800049,3827.949951,3792.050049,3814.399902,3586.63208,396793
20-03-2023,3790,3834.949951,3785.100098,3805,3577.793701,331370
21-03-2023,3806.5,3922,3796.75,3905.699951,3672.480469,803886
22-03-2023,3921.75,3945.5,3888.600098,3923.949951,3689.640625,311063
23-03-2023,3902.5,3912.399902,3853.050049,3862.949951,3632.283203,256313
24-03-2023,3845.100098,3882.899902,3812,3827.899902,3599.326172,281359
27-03-2023,3834.949951,3844.300049,3800,3807.550049,3580.191406,198811
28-03-2023,3821,3833.800049,3769.550049,3791.600098,3565.193848,144400
29-03-2023,3810.5,3894,3800.149902,3879.300049,3647.656982,429300
31-03-2023,3875.649902,3907.850098,3860,3884.75,3652.781738,248433
03-04-2023,3904.800049,3995,3888.199951,3993.75,3755.272949,497915
05-04-2023,3994,4026.949951,3960.050049,4023.149902,3782.917236,584697
06-04-2023,4028,4065,4020.050049,4033.600098,3792.743408,321813
10-04-2023,4035.050049,4072,4030.100098,4061.600098,3819.071533,218632
11-04-2023,4080,4183.549805,4070.550049,4177.399902,3927.956543,685931
12-04-2023,4177.399902,4307.350098,4170.5,4286,4030.071777,992142
13-04-2023,4270,4305.950195,4260.049805,4288.350098,4032.281494,371608
17-04-2023,4311,4311,4221.049805,4254.350098,4000.311768,718984
18-04-2023,4254.25,4266.100098,4175.049805,4209.25,3957.904785,235015
19-04-2023,4184.100098,4296.899902,4180.049805,4265.799805,4011.077881,406755
20-04-2023,4265,4330.5,4252.049805,4314.350098,4056.729248,409146
21-04-2023,4323,4337,4283.049805,4308.299805,4051.039795,237639
24-04-2023,4308.299805,4354.950195,4282.700195,4332.100098,4073.419189,279716
25-04-2023,4340,4375,4316.100098,4342.549805,4083.244873,367525
26-04-2023,4345,4362.649902,4281,4299,4042.295654,964051
27-04-2023,4300,4422.549805,4294,4408.200195,4144.975098,667011
28-04-2023,4397.350098,4439.700195,4390.049805,4431.950195,4167.306641,457064
02-05-2023,4439.950195,4506.5,4424.049805,4498,4229.413086,522701
03-05-2023,4484.5,4489.950195,4435,4447.850098,4182.257324,351550
04-05-2023,4446.799805,4470,4437.25,4457.700195,4191.519531,191019
05-05-2023,4463.100098,4504.299805,4427.399902,4463.100098,4196.59668,180033
08-05-2023,4475,4558,4465.200195,4549.25,4277.602539,365732
09-05-2023,4572.850098,4577,4519.649902,4528.850098,4258.42041,329083
10-05-2023,4555,4576.5,4529.350098,4555.950195,4283.902832,229527
11-05-2023,4594,4594,4535.100098,4547.899902,4276.333008,293197
12-05-2023,4545,4628.850098,4517,4538.899902,4267.870117,620213
15-05-2023,4569,4608.5,4542.049805,4564.549805,4291.98877,534604
16-05-2023,4583.5,4595,4530,4538.350098,4267.353516,321308
17-05-2023,4550,4600,4509,4529.350098,4258.890625,346510
18-05-2023,4539.950195,4572.450195,4513.25,4518.649902,4248.830078,194233
19-05-2023,4534,4550.149902,4464.049805,4483.200195,4215.496582,398571
22-05-2023,4494.950195,4566.649902,4494.950195,4523.25,4253.155273,368479
23-05-2023,4534.950195,4553.399902,4491.100098,4498.100098,4229.506836,239196
24-05-2023,4505.549805,4552.200195,4492.049805,4517.600098,4247.842773,395343
25-05-2023,4505.649902,4651.399902,4504.600098,4644,4366.694824,1016606
26-05-2023,4612.350098,4664.549805,4605.299805,4615.950195,4340.319824,484972
29-05-2023,4659.950195,4663.149902,4608.100098,4618.5,4342.717285,301343
30-05-2023,4615.100098,4635.350098,4586.700195,4591.899902,4317.706055,229574
31-05-2023,4589.799805,4628.950195,4552.649902,4567.149902,4294.433594,719613
01-06-2023,4587,4669.799805,4567.25,4643.600098,4366.318848,698733
02-06-2023,4674.200195,4707,4647.25,4669.100098,4390.296387,606833
05-06-2023,4688,4716.950195,4669,4710.049805,4428.800293,234925
06-06-2023,4717.5,4744.950195,4710.049805,4726.25,4444.033203,353149
07-06-2023,4736.950195,4787.899902,4736.950195,4780.75,4495.279297,239491
08-06-2023,4800.850098,4829.899902,4776.799805,4800.649902,4513.990723,295499
09-06-2023,4800.649902,4821.799805,4735,4743.399902,4460.159668,208197
12-06-2023,4749.950195,4790,4733.350098,4769.649902,4484.841797,137778
13-06-2023,4770,4795,4746.450195,4755.950195,4471.959961,247078
14-06-2023,4751.100098,4768.450195,4712,4730.200195,4447.747559,191238
15-06-2023,4741.899902,4764.649902,4702.5,4721.549805,4439.61377,178304
16-06-2023,4695,4714.75,4620,4641.950195,4364.76709,658995
19-06-2023,4645,4655,4586.649902,4597.350098,4322.830078,193043
20-06-2023,4585,4670,4569.049805,4662,4383.619629,453523
21-06-2023,4678,4703.649902,4637,4650.149902,4372.477539,274821
22-06-2023,4664.049805,4669,4601.600098,4612.100098,4336.699707,180102
23-06-2023,4613.100098,4655,4605.399902,4622.600098,4346.572754,348409
26-06-2023,4624.75,4657.950195,4600.549805,4606.899902,4331.810059,298624
27-06-2023,4633.899902,4678.649902,4610,4618.049805,4342.293945,444793
28-06-2023,4618.049805,4618.049805,4618.049805,4618.049805,4342.293945,0
30-06-2023,4636,4735,4635,4691.549805,4691.549805,587936
03-07-2023,4685.200195,4688,4588.049805,4610.649902,4610.649902,457367
04-07-2023,4611.950195,4674.799805,4611.950195,4625.399902,4625.399902,286373
05-07-2023,4647.950195,4900,4633,4890.049805,4890.049805,891033
06-07-2023,4890,4938,4832,4917.700195,4917.700195,888595
07-07-2023,4875.5,4913.149902,4820.549805,4834,4834,405959
10-07-2023,4849,4951,4845.049805,4897.950195,4897.950195,659388
11-07-2023,4938.5,4954.450195,4905,4917.649902,4917.649902,400593
12-07-2023,4929,4947.5,4867,4878.450195,4878.450195,295827
13-07-2023,4921,4990,4849.850098,4866.450195,4866.450195,501038
14-07-2023,4894.950195,4906.299805,4850,4859.600098,4859.600098,419873
17-07-2023,4883.950195,4906.399902,4821.100098,4833.149902,4833.149902,250127
18-07-2023,4845.549805,4995.100098,4830,4860.600098,4860.600098,270028
19-07-2023,4881,4909.149902,4818.200195,4823.649902,4823.649902,247325
20-07-2023,4828,4889,4782.049805,4868.700195,4868.700195,450566
21-07-2023,4842.100098,4879.399902,4835.25,4862.700195,4862.700195,367833
24-07-2023,4862,4919,4851.149902,4882.75,4882.75,288534
25-07-2023,4884.5,4909.899902,4777.350098,4848.950195,4848.950195,743269
26-07-2023,4890,4903.5,4840.950195,4870.450195,4870.450195,387130
27-07-2023,4899,4908,4824.299805,4851,4851,321326
28-07-2023,4855,4900,4829.649902,4892.5,4892.5,255158
31-07-2023,4895.5,4938.399902,4866.049805,4931.399902,4931.399902,325463
01-08-2023,4941.75,4978.649902,4899.149902,4923.950195,4923.950195,391794
02-08-2023,4913.399902,4937.950195,4821.25,4832.100098,4832.100098,249850
03-08-2023,4837,4913.649902,4806,4826.299805,4826.299805,418377
04-08-2023,4830,4864.200195,4700,4712,4712,451353
07-08-2023,4743.549805,4743.549805,4665,4670.100098,4670.100098,436583
08-08-2023,4670.100098,4698,4637.100098,4650.149902,4650.149902,487053
09-08-2023,4650.5,4689.799805,4616.100098,4666.549805,4666.549805,282034
10-08-2023,4670,4708.399902,4628.799805,4636.600098,4636.600098,330123
11-08-2023,4636.600098,4650,4581.600098,4599.049805,4599.049805,274197
14-08-2023,4576,4633.700195,4541,4616.700195,4616.700195,154258
16-08-2023,4577,4615,4559.75,4600.600098,4600.600098,188763
17-08-2023,4576.049805,4668.450195,4576.049805,4657.850098,4657.850098,311184
18-08-2023,4649.549805,4649.549805,4595.299805,4615.549805,4615.549805,243546
21-08-2023,4603,4629.950195,4592.799805,4610.850098,4610.850098,118491
22-08-2023,4617.950195,4636.549805,4601.649902,4628.399902,4628.399902,96290
23-08-2023,4640,4666.350098,4619,4660.75,4660.75,263771
24-08-2023,4689,4727.100098,4574.450195,4630.149902,4630.149902,433867
25-08-2023,4624,4646.899902,4569.75,4584.049805,4584.049805,293384
28-08-2023,4586.5,4620,4586,4600.450195,4600.450195,283469
29-08-2023,4615,4671,4605.049805,4664.549805,4664.549805,320941
30-08-2023,4688.950195,4720.799805,4661.600098,4675,4675,370694
31-08-2023,4675,4703.049805,4602.200195,4613.799805,4613.799805,479472
01-09-2023,4622.399902,4699,4619,4668.450195,4668.450195,456071
04-09-2023,4683,4689.399902,4622.399902,4637.149902,4637.149902,328037
05-09-2023,4639,4735,4635.350098,4701.600098,4701.600098,353620
06-09-2023,4701.5,4710,4666.700195,4683.799805,4683.799805,224928
07-09-2023,4679,4725,4655,4717.200195,4717.200195,319934
08-09-2023,4717.200195,4784.600098,4702.700195,4759.549805,4759.549805,209769
11-09-2023,4779,4810,4763,4806.399902,4806.399902,151600
12-09-2023,4843.950195,4849.850098,4762.600098,4820.600098,4820.600098,305478
13-09-2023,4820,4843,4800.25,4808.299805,4808.299805,207142
14-09-2023,4814.950195,4858,4787.549805,4844.5,4844.5,249498
15-09-2023,4894.899902,5149,4893,5130.5,5130.5,1689829
18-09-2023,5124,5274.899902,5094.25,5176.649902,5176.649902,804973
20-09-2023,5176,5263.350098,5166.100098,5182.950195,5182.950195,622924
21-09-2023,5168,5185.549805,5073.100098,5085.200195,5085.200195,640829
22-09-2023,5051,5084.149902,4996.200195,5001.049805,5001.049805,498375
25-09-2023,5000,5060.149902,4992.850098,5005.450195,5005.450195,539731
26-09-2023,5011,5102.950195,5000.149902,5069.200195,5069.200195,450923
27-09-2023,5065.200195,5067.549805,5018,5032.950195,5032.950195,257406
28-09-2023,5047.799805,5128.850098,4980.149902,5006.600098,5006.600098,580065
29-09-2023,5029,5082.5,5004.899902,5063.700195,5063.700195,248079
03-10-2023,5065,5073,4997.100098,5016.450195,5016.450195,464531
04-10-2023,5011.25,5019.200195,4903.049805,4918.600098,4918.600098,256544
05-10-2023,4935,5039.299805,4925.100098,5011.049805,5011.049805,657876
06-10-2023,5120,5120,4997.5,5014.600098,5014.600098,279352
09-10-2023,4957.049805,5068.700195,4957.049805,5007.299805,5007.299805,244083
10-10-2023,5007.299805,5064,5002.200195,5037.5,5037.5,307502
11-10-2023,5055,5095,5050,5064.399902,5064.399902,575680
12-10-2023,5085,5151,5051.100098,5106.600098,5106.600098,472168
13-10-2023,5089.950195,5123.450195,5040,5052.399902,5052.399902,387366
16-10-2023,5035,5099.399902,5032,5076.700195,5076.700195,158560
17-10-2023,5083,5150,5070,5141.25,5141.25,318565
18-10-2023,5150,5198.75,5125.649902,5137.350098,5137.350098,360985
19-10-2023,5300,5495,5245,5482.600098,5482.600098,2838352
20-10-2023,5450,5510,5436.899902,5489.299805,5489.299805,763919
23-10-2023,5453.049805,5493.399902,5395.049805,5405.399902,5405.399902,451167
25-10-2023,5385,5423.950195,5332.299805,5347.299805,5347.299805,620266
26-10-2023,5333.850098,5347.450195,5236,5259.350098,5259.350098,746266
27-10-2023,5265,5423.700195,5265,5373.549805,5373.549805,843465
30-10-2023,5388,5397.75,5275,5308.899902,5308.899902,360967
31-10-2023,5340,5366.149902,5292.600098,5314.049805,5314.049805,400987
01-11-2023,5305,5449.5,5305,5344.350098,5344.350098,619765
02-11-2023,5383.899902,5392.850098,5285,5318.399902,5318.399902,304362
03-11-2023,5357,5377.049805,5316.600098,5368.950195,5368.950195,448715
06-11-2023,5380,5427.5,5377.100098,5406.850098,5406.850098,394137
07-11-2023,5406.850098,5445,5405.299805,5419,5419,202689
08-11-2023,5434,5435.25,5381.25,5397.600098,5397.600098,202145
09-11-2023,5421.799805,5455,5382.149902,5418.899902,5418.899902,232773
10-11-2023,5409.950195,5427.049805,5349.049805,5392.049805,5392.049805,149325
12-11-2023,5425,5455,5358.600098,5442.549805,5442.549805,29055
